0.22737231783242562,-0.08583193013359434,2.009613619014517,-0.8643251014690169,-1.4933861709624525,1.7030151767254411,-2.128535388735912,1.1436500474276243,3.573486260147721,0.5755645651486819,-0.17846457587730138,-2.589731090627825,-0.6256997399350442,0.8390399698464124,1.4410141680044766,-0.6692006758918344,0.44609136910746455,-0.860690760012296,-1.6237899823647466,1.5556006380592011,-1.0628974677136547,2.06991505632424,-0.7764826308559853,-1.0046047181003044,-0.3438587575580655,-1.263819335069006,0.29756029727176503,2.3032109022871317,0.3659769533357894,-0.07687773023341889,-0.6900768178778315,0.0
0.5166034804882427,-0.6265839696013038,0.5215905293871761,-1.695327826269051,-3.3896788779311664,-0.07452914315699488,2.154740504687041,0.08461818031180608,0.6300519549066613,0.2682070305738149,-0.1652801271737856,2.0244713628277613,1.251782041712056,-0.8684110797696883,-2.387766088081988,-0.8029328803668003,-1.4006504750866495,1.2530193251772148,0.6285742091186313,-1.933580559606569,0.03458756279854703,1.7995713920394356,0.11558368596465529,-0.5829321873437789,-1.070559349912495,0.04726466562344381,1.0638352403900162,0.7140607267147312,-0.2798723385766744,0.1485627622020705,-1.3880337161084424,0.0
0.6532539510411984,1.4774743156533765,-1.8631680626639486,0.4718898061088234,-3.9007619472286934,-4.661579985141118,1.2616462255730172,0.8557138785785879,1.927453857719068,-0.8677366030140133,3.7832351395750043,2.4865552464437717,-0.41021250476853893,0.3851632008861853,-0.26687280907393274,0.7677147033049341,1.8638335580057044,-0.02382420929231526,-0.871977962292448,-3.0707540972567093,-1.814756246560215,4.969054837535958,-0.5294498598005071,1.1925342905422176,0.5220640210907624,7.021148265271236,6.721193743206113,1.0382660296524677,-2.3320777854207226,-2.169044320982069,-0.6940562418448301,1.0
-2.188727557580389,-0.8580927284992955,-0.5329797235310927,0.6910507450501823,2.6290484565063736,-0.4840279753771861,-1.4006495908240197,-0.6675453975477673,1.7924695390060132,0.8916049207017362,2.6085928761958987,-1.0327307497631888,-1.7325331127534296,-1.0474470049629954,3.656778388852594,0.09434021999164519,0.42692424422273134,-0.020631840273466845,0.5714341983726473,0.3776790821874305,-1.0395784379103483,-0.2690165093865309,1.0616895066989636,0.2754020560780836,-0.4244388312968911,1.514271150005405,-1.238042787190222,-2.9785020034000596,1.113908258004514,-0.264461454493637,0.75018733794506,0.0
-0.05041241624734094,0.030905416743176553,-0.7489186657529081,0.9758809018485122,1.4372650763128436,0.2184936187279749,-1.9311106707400127,0.35291169086343166,1.8002057415174801,1.1618117628442473,4.5457651203185945,-1.9304945468000339,-1.2683989573354593,0.5480159007301799,0.2981312029280808,1.2390682600084004,-0.03656792546612478,0.3949999868479888,0.3749277346756249,2.9942445088293868,0.25424677483793284,2.5999389803506467,1.5947015337329413,0.5714227609866507,-0.2950758904837154,0.3326643209375729,2.6664328198966794,-1.1786065785193633,-1.3250943055185904,0.13362840813157753,0.4858340675916984,0.0
2.3332588853135965,1.132672812463356,1.7225957654173198,2.1474665796387256,4.643590497707464,1.7816920397630645,-1.0271588464653518,-0.2376489983170414,-1.929092544652199,-0.626375103150699,-1.4132207880093575,3.0259446342428835,0.4933688489725209,-0.8726887403324992,-0.7705163687743409,1.377004166451081,0.46805122717069725,1.4525667137708005,1.558671843844359,1.5020223121997076,-0.8974559698874021,-2.37178997156839,0.4765455916547651,1.0764937315464902,-0.9330096351047775,-1.239649325325894,-6.170932589117629,-1.1879654028828974,0.8016740099139525,1.0706808015863358,1.838785610650836,1.0
-0.6857952780614986,0.7681687534835797,0.5054281207702478,0.26180771471778763,-2.5489624038521392,-3.1898763338287726,-0.4517490135547062,-0.6870830633999689,2.0874426957696555,0.6226464366275879,4.189782385951496,3.240013524113187,-1.148503238771914,-0.6945733923437417,0.3357903334156376,-0.47845052649659703,-0.24855746953867977,0.4786818752342752,-0.2187529294620746,0.042302368212921104,-1.265338419454025,7.028616449612107,2.1464849988401014,-0.9036001177445411,0.6682796797315496,2.7591777818867285,1.1330802712645722,2.6021057336433597,-2.7959914440739815,0.4492146910657635,0.12073886360814405,1.0
0.07965616035912282,-1.8374693255934496,0.1220947891280868,-0.2587013137845701,4.035624584685572,2.907257179601121,1.0071492117295051,0.3137113658682145,0.15131339955763168,-0.29156207653019706,-1.6718722738996175,2.0593318281499973,-0.04665753684034663,1.3665374232421443,1.6735770871339652,-0.33073328332756424,-0.21485186327989805,0.2661758059864246,-0.5401304454039424,0.3184200706818914,-0.5513198488447545,-4.79163935585305,1.3051437209546837,0.26287995258219443,1.522097114852841,-3.5751477009732757,-5.89594133222526,-1.1177004071610301,1.7067842227039725,0.5493398229601479,-1.1019557080343627,1.0
2.615941306515418,-1.0724662768756843,-1.5119528671645233,-0.96206238819018,-0.995570302966681,-0.5788966977482175,1.890656534818493,-0.6245082884432567,0.7995332173126561,0.8021923660893331,2.0253611581931796,-1.6264011563893686,0.5626066879705489,-1.7960633390847078,-2.767928404323605,-1.1795788817699113,1.5809997073888755,-0.4093880854207717,-1.4151719262621762,2.3260776930409826,0.1858428441699856,-2.201114132999041,-0.2723339466623585,1.389341548792122,1.0248491904883972,-0.19780276014859297,5.874769956432284,0.06952541697304537,0.23045003934286634,0.3527640246308527,0.25891714731328486,1.0
0.5010344161359227,0.5102707468720876,1.9670164905290357,-0.18918288282024878,-0.10771042545698387,-2.017943195565512,-1.3383735536427854,0.797011862640798,-2.8820991544687757,-0.6300744685089156,-5.800490488522363,-1.9782748402939623,0.7767262155822593,-0.13163445056131892,1.3412772953703345,0.7433006043567629,0.5632419617536121,0.5734958814883407,2.0337845571511344,-0.3605512644298241,-0.1601352692850295,-3.6197906673896383,-0.6915928537120147,-0.8695895557461643,0.09265886557888726,1.3143658441916983,-2.0582619197960286,1.8039234061335356,2.193810652786645,1.6622353534413201,0.24085362051160622,0.0
-0.45052009666911697,-0.9041218982923452,2.028893923641996,-1.071236575714077,2.2061790775461887,0.3015299737387158,-0.03492754139349652,-0.22659950196785808,-0.9240451948649135,1.2013088654554078,-3.599018062126235,-0.4871653306667134,1.4746104527066781,-0.4494587580290286,1.8097696559432552,0.9139783661078635,0.6459378440293223,1.050820413495189,1.1780337527431375,-0.35006666950453713,0.06264630452132346,-4.694028439655113,-0.05506814994310526,-0.12314725736978022,-0.6153223740499799,-0.6939604720684783,-4.9822264731669845,-2.239902912023286,3.4582226610958635,2.0167426567082285,0.2768213782192258,0.0
-0.3503824792900059,-2.6053910457926674,2.4744550224439514,0.9903870070127077,1.417254714153751,3.9131936936753586,0.6294340380879082,1.0597270626122892,-0.4300020928828714,-2.72811878514454,-3.100383107841304,0.1257297574211531,0.9563915856084653,-1.377613527271951,-0.9202146988958534,-0.4917890145111486,-2.1600438140989047,-0.4314968813272249,-0.1265960269226824,-0.23453666678639407,0.01892861819889615,0.7719068180907496,1.0821710753892466,0.5880277791904022,-1.1819509474590892,-5.221330436190897,-3.8652138822050808,-2.1827615709167247,-1.2882989815880237,0.2653364705294396,-0.4591327073953908,0.0
0.3943553667592474,-0.7700525595898736,-1.8498104821425483,0.3312365689891808,0.8476270067567448,-1.6885140819083162,-0.34437951372998243,0.8504103458771731,-1.6149659009927366,-0.56111304053077,-0.8738187452368364,-1.2499264243129322,0.7491214850387734,0.5131284111900909,1.018137970656777,0.1846564415549378,0.5521835445689489,0.008785333626771658,0.6247118387503917,-0.6256964134984421,1.3622218045537575,-4.530810043730284,0.33691279751401854,-2.133253401970324,-0.5023828582903188,3.0637360649755814,1.1492207112342812,-0.15206536539657933,2.441266174172651,0.30305965821351416,1.057590407513381,1.0
-0.42917495456553556,-0.13585081174394598,-0.40317757262295406,-0.7420568074815098,0.5731574744811049,2.3759453839080504,-0.08600532145625206,-0.43691552213955953,-0.3096300138435757,-1.396896048363468,1.8635652923581918,3.837646378696526,0.9438729153280498,-0.48144999643574105,-1.727173962604175,-0.44905915492011517,-1.0275127597042366,-2.373859655644775,-0.3144738313768666,-2.8525393572444,-0.5097422003184461,4.517212088824463,-0.8791499763970037,0.1291376496800903,0.617130731755639,0.5749683207549287,-1.9868707298626362,-2.3437446231352492,-2.2080211338971276,0.4280845231107306,1.1528404588098076,0.0
-1.0755623810530828,0.39518107431985083,-0.9831637203843823,2.701907543306168,-1.604457552455527,0.27899480974968793,-1.1769807296500099,0.30207521109660634,0.6097452920669664,-0.31843325402250744,0.19179921317868462,-1.9860721506545076,0.027490837393173578,-1.2196441207716988,0.7861303185925915,-1.6891993482349863,-1.354712756331858,0.12113078749534331,-0.5312610191785456,-1.7441539864160278,-0.9445575066169377,-0.22163093047077445,-0.09493691329732319,-1.484130976867619,-0.6029274983774902,2.3094198752167014,1.442370914961805,-0.20720214442504958,1.80327620790016,-2.0194120229607795,0.17819211759125797,1.0
-1.9907340951369128,0.5414883230976048,2.4117952819357584,-0.4370270268031068,4.674772862816639,3.5783564286996485,-3.4975037474407236,3.435668592096897,-0.13924557551135752,1.3956160110411855,2.495315521205912,-0.18180271285197624,0.4572890100600561,-1.466024608976359,0.37386075895522697,0.8411094272381033,-0.3468980285781348,1.297287977486278,-0.11671616979436071,2.9249027213649095,0.1544096621675912,1.3633874577148337,0.9507781369240517,0.1703901396331318,-2.2473717145017034,-2.909457442227041,-7.672923213547037,-4.659406291650807,1.653020496941533,-0.7800876574235337,0.21489153295668903,1.0
0.9203705089102194,-0.5150858026384041,-1.197028344134663,-1.2943269911985482,1.560601792745192,-3.6041643441617364,-1.7692567296686055,-0.8312599136235695,2.763728863707513,-0.6059219523669933,7.368361007381285,0.8885546887263364,0.9390941120512387,1.2396710466577967,1.2034284639936805,-0.3676147191462189,1.1290828987468473,0.5329794258441848,-0.7866177291828287,2.359495444333332,-1.5600905103984568,6.243162105928871,0.29521058740356604,-1.3181291308329561,-1.4995572249295708,4.964923761776311,5.281520657019798,-1.007756617904625,-4.009046048164297,-0.4294718849180002,-0.9629641344731447,1.0
-2.063946030145063,-0.5379027444186578,0.44604451779723264,2.0107652788079657,-2.4144838913087896,1.5413487559573884,-2.519991674973365,-0.7855368641046707,-4.20716840054215,0.5024423649034172,0.08455225402093346,-0.06561166588525325,0.11370385785313883,-1.0195546712029548,-3.8409930526713594,0.17485994064824054,-1.864634945071768,0.1485516692755557,2.0059220805771356,0.6961392386529661,1.1607747461132985,2.7709100928479513,-0.25900959366318466,1.0044524850235854,0.47214578513526567,-2.009592321571114,-3.684901288585921,2.2695839899754464,0.7939068454865583,0.2235502789794746,-0.531232495913546,1.0
-0.12402853345192844,0.4860740379850752,0.38276851194984585,-0.09085661991368923,0.9829320947232938,1.0536384979750477,-2.2281855949810123,0.16418622036445144,2.2732667127838457,-0.9084291552537122,2.4912493386748196,-0.4879392266162743,0.26142194840637883,0.22721073500125988,1.248889977814861,-1.140354203000199,-0.5802167153171773,0.3682897395893903,-0.4039563067516776,0.8140568945023273,-1.1880486957243468,0.20257519379112723,-0.24265645396537863,0.616049441015942,0.2331151482582358,1.5608804235033276,-1.499408777077229,-1.042596182206126,2.269891654998021,0.8355466167204222,0.5432199544479572,0.0
-3.357148484797906,1.0503467108886995,-3.8002835936016255,0.009365097693184807,-0.28245893584028287,-1.5034047874794259,-1.704809752265572,0.7790119321490397,3.5853430803434367,0.3581337512950369,10.058427923537874,1.3371703717004724,-1.3846655903944334,0.08136400671336175,2.1525288697352916,-0.5628375659420485,-0.28120323441243267,1.319017419673929,0.990798892743006,0.7484689453803048,-0.17906835375434826,2.1099771341240796,0.8333243381623243,0.8475635067708354,-0.6902587725082431,4.352212478476035,0.5773951104510614,-0.8003127525758081,2.6462658390772518,-0.42428893671979157,2.05427102911648,0.0
1.7734294815587432,-0.22106925732069901,2.339630325465504,0.7328913483969124,1.8586065377224834,-0.0034945774793472273,0.004446218342569752,-0.7992910411166024,0.1635804398704156,1.2909544215074136,-3.9468595502423542,1.4720000440211942,0.5900090261785177,-1.0440247113457983,1.621764263067134,-0.5571610318337552,1.2877812404628446,0.30045417329610946,-1.361434888964742,-2.0949806769101014,0.41089597504274694,-0.9998173385822051,-1.0568169381022408,-1.8866696009784598,0.5077704217762802,1.561094588306491,-2.493397410464741,-1.386067876056464,0.0028419614405690297,0.031728158732785755,0.23776921167835707,0.0
-3.1586878395430453,-0.5735645676711962,-1.5652805263026948,-0.7342788295469874,0.08729923452581077,1.4214924027349496,1.4002968477734044,0.22134331303788068,-0.579843003937365,0.7237234233530735,0.7951112056350119,2.80134820532405,-1.0269699582534093,0.3133849218195535,0.9773125606489668,0.8642096391308637,0.7476144016029279,-0.9132213727481955,-1.4770040701505767,0.7083441030090254,-0.7429788078257442,0.6337256139050101,-1.6711896178176069,-0.9820729887714593,1.3528405962556247,-5.613063139780005,-4.229083959312644,3.6596536893078047,-1.750179449885445,-0.22452979922151814,-1.4361656052207539,1.0
2.3627492808014585,-1.105392988559927,-0.6620823978144876,-1.4612147182826423,6.991187459746168,-3.6258623737823195,-3.417247705678485,-1.1724986390325893,-1.1320558996605947,0.16646636940034937,-0.9394535441516912,1.3149163785243883,-0.06022707937543857,1.464479028709601,5.787065930609161,-1.767669741279913,-0.9493542226887475,2.139457087157645,-0.9242038135555268,1.1741737465127287,-2.1142005140433224,-5.778337272360576,-0.7548086331339268,-0.4468347666058081,-0.6816759779979339,6.36850713178764,-3.404035222370231,0.38470111578393074,2.1362146163857147,-0.37216991230909846,-2.3036043255251357,0.0
3.4753593254775925,0.2657421345274895,2.132562114482278,-0.5760751317460638,1.4241111931298627,-1.1456500595742358,-2.7576890648025345,0.8379034840095159,-3.076778938638263,0.6832897979111355,-3.0218797979340963,3.3771996705743508,-1.0573736094334492,1.0240970929056479,-0.8178935049703595,-1.0390136371943446,0.5645109358830811,-0.2524875029101377,-2.473431899707821,1.7882625779868748,-0.7169697748683083,-1.969479984522822,-0.20020720220122837,0.5977165089794488,-0.05487737079054741,1.5769072820448211,-5.724307891768217,5.285216220406866,1.602693085365078,-1.8475358062111482,0.10531172431315608,0.0
-2.2153489180267414,0.3328281865672019,-0.1706345954882521,0.6492090243886202,-7.446445245725345,-0.6651926023188628,-0.4258900645277426,-0.46453930846286534,0.09821974165144787,-0.30813985306062597,-2.860343775139128,-1.9558867819702823,1.0086401340727247,0.1891668715599418,-0.2785877894243971,-0.9312321063915427,-0.40922938129274955,0.4777068196565954,-0.2959651334831802,-5.595110709372265,0.7968892502250016,0.08438428339296802,0.8190992696146538,-0.0536924575558378,-0.4401515720861423,4.135241516528446,1.4308085368656502,2.404568700046935,4.328678880233928,1.2833117028473764,1.2178744827950754,1.0
1.6489560214908532,0.9673290714615972,2.3181321990219086,-0.4331426003311347,1.5439454960516479,1.0075072488020456,-3.481102782931098,1.1628214331176538,-0.4413414567787809,-0.0022779445718333693,-4.712998037064493,0.9303735713888208,0.16256459890338373,0.4055760215577542,2.8232940458506546,1.74467482318379,0.3719297212593365,-0.32945395746012146,-0.6816223493868978,0.32116846326348336,0.7649518001741321,-6.126341893807329,0.6499532501562049,-1.4138269602080993,0.2571730594473864,1.2927698327006252,-8.360970776751811,4.402682545276817,6.16479452083412,-0.12114825745144953,-1.3533449892647338,0.0
-4.14647229544234,1.5270127454109181,-3.549451886975125,0.3955712174957913,-2.2283060005184363,0.7398368514338169,0.7534928271404506,-0.3205160887410181,1.367342266031613,0.08702188886952344,7.235944516516599,1.4225159650538197,0.48655330708248967,1.0406964278499535,-0.8046067785028743,0.5052833258584151,0.08203057685598857,0.3047313232953416,-0.08287742145410242,1.4292519146229348,-0.2795771467807445,2.4930968234069257,0.5888144763031012,0.7393706743551799,-0.5926747273251572,-2.5792189265801353,-0.17530635851971313,1.7583131212099306,0.28668425686100363,0.3847196990099465,-0.3676061503309632,1.0
-2.1391535345647745,-0.7441926655314893,1.1839087104186476,0.7436998877683318,-8.832662106718358,-3.2446094490213078,-1.5865381725411232,0.635855059484235,-0.08897703941548452,1.1878929463190733,5.491149976249743,-1.4279252348950218,0.22070560661532818,-0.9283362804972669,-5.388016809512296,-0.4205563900295762,-2.2898376352438508,0.6159253521671001,0.732867561354877,1.7807531597811375,1.2168760877332807,7.485613615258069,1.4875746627270514,-0.1978813689805119,1.1670174339654886,2.2478934190876156,3.535924752260532,3.146603385062585,1.5759189873741146,1.0921057715560187,-0.49797076983735206,0.0
0.4494640310720295,0.8156501903125185,-3.606242835043699,-1.0603481184721562,-3.334802964296599,-4.127184021909253,0.9815906209801595,0.5614039987101607,-2.8576984237429004,0.9948509618700843,0.5806099487546437,-0.6696463963669044,-0.8225112944959668,-2.2606932514040246,-1.7018704683963346,1.102629130601287,-2.1120453632949765,1.7985635224391785,0.05275500574837112,-1.0721824142184335,0.599186763186089,-6.320142842054784,0.2927620058959567,0.7776755717855607,1.8253751661064161,5.319454757876595,3.4523076723546273,2.424405419130938,5.297440374110442,1.4519677126468935,0.47489173933018103,1.0
-2.1404943293112866,-0.1869976957433655,-5.4247697729563775,-0.8194038339567086,1.3795403892896179,2.381127081205986,-1.1376192961722154,0.7799241443719747,4.757125299449485,0.22390739656697067,10.538735224919947,-1.6346442548699844,0.4652127662697798,1.3531165135398908,1.2209092548096194,-0.5881150020709928,-0.6817749048524359,1.52552999352901,-0.9456110709462866,3.3291639266975492,0.06680936604505455,2.1327207688992154,1.1844971934361161,-1.4788414775139933,0.8097972970339451,-0.8301452906864013,4.663394905004067,-0.714412830961332,-0.8253334202413851,0.19811423280810844,0.7307008699662079,1.0
-1.696108657909468,0.046593811732320474,1.01594227468,0.35585331190375985,-4.357788419188744,-0.997975154425245,0.22450245682632353,-0.37360825658436797,0.6224056091632386,-0.29824326877623325,2.867262903801403,1.028765767137622,-0.039938732969816815,0.6166640707727552,-2.332811534754093,1.6659193166817279,0.8608292381613987,0.4319808393141907,0.47756489531016943,1.732815801752109,0.5974129099308272,3.9277019160320643,-0.2942547510851969,0.6793249892076659,-1.4930355112485123,-1.792940026547126,-0.6735879218081777,3.187222368082534,0.2802023062451311,-0.6010103275770838,1.282692923002653,1.0
-2.312504658719268,0.9224026909370143,-1.1302218407609739,-0.7585004576888983,-4.445037949782864,0.8893581930804904,-1.7492638299023162,-0.19606478083197154,-0.22576294858728185,0.3228782369274454,2.1008946904086825,-1.5207277082563784,-0.9653770389981503,0.18063196668007936,-1.9920167371361759,-0.4957564489867447,-0.32258887230078115,-0.5856734069781738,-0.13701544619704062,-2.100622055741394,0.0057115131692684635,5.873096142493555,0.5043768134518523,-0.20820689351101945,-0.1844480583459429,1.4255611364051668,2.916814132547174,0.9325605102793222,-1.159681444605984,0.8179612245069926,-0.5474643078799281,1.0
-1.678895726886851,-1.322470648643125,-0.05796556714414414,-0.419274009251664,0.2513551939155948,0.6247746619168968,-0.5881739706341167,0.13696181054378068,0.4387707252376387,2.2614667443360297,-1.8110382233104463,-2.402251422131175,0.36045925859822,0.044273245017273866,2.5785793966768713,1.2376278865559203,-1.4695393990772314,-0.7777464553969539,0.3323612838017442,0.20327823561085534,0.7548771490962375,-1.6907518120458083,0.7204575212204323,-1.4701402381926965,-2.0342783752669322,-1.713306723673329,-0.868550399058331,0.9335748957514675,0.7174947905232796,-0.05186614605167076,0.20724078403394117,0.0
-0.42533358493999607,2.163606327042186,1.8960237649787874,-0.09086934137017738,2.3945139127420028,-0.04345821432288821,-0.8807065591700659,-0.5965772099509752,-0.9128831982089478,-0.7851073609690752,-0.5419075581604575,0.8968405085144411,1.4203734917122999,-0.5126935088463311,0.5446133577148697,-0.6251539821839213,2.3431332450179725,0.6010445222129194,0.9327797147032717,-0.15511566100957142,1.397437557865703,-0.32356859566819546,0.6164597510423473,-1.2503963118670405,-1.6424185476737785,0.6746768322895714,-4.052282981946576,-3.3335458071015567,1.2273941227871203,0.5826012241254905,0.3147869097939964,0.0
2.586848654788735,2.0196332994449078,-2.4653110152915962,-0.3138992151480816,-3.2313316288090714,-2.193889760451108,4.126695179174406,0.1559116450531362,1.5623419642187457,-0.22620125365089286,-0.23394945184539137,2.1519841042924917,1.7207069884900972,-1.0005677484064708,-0.8094861035998454,-0.591469907954568,1.3800173489229297,-1.7923001376922698,-0.7624507499846424,-1.446086873562205,-1.5250321003725504,-4.457386499596758,1.1202716025235737,0.11919617118382714,0.4306467739793818,1.8220846503102308,4.355307265290252,3.8112343571865845,1.598901089144242,0.1514685777110885,-0.32176883796654354,1.0
-0.904791785185848,0.4163436504195334,-0.6009603862997068,0.617466647982092,-0.019793497139167827,0.7871912175463298,0.8122411965716915,-1.3581003767385578,3.0081039479107448,0.314514430259871,2.6808627105940404,-0.9611813804878968,1.2220508918940198,-0.15696351801736044,0.9025321572052991,-0.7463714082755994,0.6059962999286403,1.2262322008470654,0.9267530044006264,-0.07454518334657123,0.01093585803024609,0.06507396263142542,0.5671774679310696,0.6140073378662011,-0.40930322353197457,-0.013347465301701509,1.5876920476494507,-2.6196814360024687,0.8560062822630935,0.20145182349424845,0.33388040982522477,1.0
-0.6918398622632669,0.4041560290826017,-0.24726333822717228,-0.8075223605412096,1.431433814858635,1.6689153798015726,-2.166191332609116,-0.6390222413665041,-0.1682412093813076,-0.5670550281432107,-1.999035721128078,-0.7915249728940148,-0.7293608967677281,0.2487458748627925,2.628263788051039,0.07947495446298068,0.4485117891999412,1.2679313307973732,-0.3520729004271634,0.00979269669553906,1.2462092128646793,-2.533864947569447,-0.24484247581183005,0.5538814491014314,1.752798778288753,-0.6891626557464317,-3.5684711550274333,2.2260328684566013,1.8049336923786223,0.6162668399231925,0.2097616535682554,0.0
-0.471432227760498,-0.288332510310558,0.45819912245362415,-2.0990854046314333,1.5498250300236966,-0.5059104636564393,-0.3755762108514795,-1.695914644231536,-2.0899186737426394,0.5282387563288878,-3.0028950762053275,-0.6908445840069316,-0.9416415852635955,0.5339790060533878,1.2593562353729386,2.307401207718522,0.45193307298885904,1.2489792612851855,-0.804817472102318,-0.7599659887871947,0.3205387124284939,-2.0751475362825453,0.10499953619216598,0.4858864903515509,-1.3060595566486193,0.15531366597766344,-1.8056860290369507,-0.8266976791718303,0.3807563914073462,-0.26134963885381457,0.8628419905827113,1.0
-0.06317247231668599,-1.8006674580622086,-2.8207633110896957,-0.2866921828039097,5.1439630595290184,2.2999962085120225,0.7485574378801119,-0.6505879171409362,-4.251050499892848,0.36103921412241674,-2.6945905266916204,-1.1224763688305948,-0.45573874573419737,-0.28706335814819794,0.1993331662684087,-0.5067841832184073,-0.44027456617015964,0.6937506229912137,1.548671494498957,0.05999349447940294,0.007794772987548322,-7.26794646314176,0.0638779328841514,1.3165736640951475,0.6425527379395275,-2.5860101124405257,-1.9208736655755798,-2.7972826255423957,0.9030333567651494,0.5801154576513369,0.551585581401213,1.0
-1.2140808198423487,-0.49820295469410963,0.7168931616280958,-0.7833724502527266,1.535156976762755,-0.40747164769432376,-3.0577794231458384,0.7519294223486588,0.13044319931314385,0.31178523268983366,-0.3942307347982245,-0.7928391796331307,0.12199501460233673,0.43001381487076773,2.983928633219676,-1.3078783496387685,0.020278537393754462,1.58933469218417,-0.5374508119829479,-1.2754906681112743,-0.001057198532828021,3.2090987498329637,1.724960945304379,-0.4022784302190344,0.5697325291910494,2.7016913128456976,-0.9931217447635776,-0.9400141155659578,-1.4873335231271478,0.16009089256693657,-0.31985437842881664,1.0
0.8077250672665057,1.3199814663308358,-3.5106459986672265,-0.2641557992801253,6.606068672467304,-0.8174132057921923,0.2654343135123053,1.6340391431760588,-1.1309330541780085,-1.0128543675175803,1.8500166628444703,-0.5990482524291463,0.1618353961078068,-0.37555061716188104,2.6745627040026436,-1.5142918719559162,1.229138519287203,0.36267059571489807,0.23796698353909712,2.8566483219340064,-0.6521845480299596,-5.005110828047329,1.4922051874299047,-0.6598486195894815,-0.04437306106686615,-0.2707402705256881,1.3591607794829794,-1.8928329384761584,-1.3267324732561439,-0.08437321878238006,2.308625423176625,1.0
0.8618946341034521,-0.42809244871344365,-4.2486793637760325,-0.7028280993366386,4.205596566014045,-0.765480939090774,0.22623587309242987,0.008989552666899697,1.821799920198726,-2.132743575174987,9.316545285730705,3.664376002413726,0.27016373622396306,0.7230388471855783,0.11406783481180782,-2.368761007245957,1.066514126620865,0.8176269061700869,1.6357390603466346,4.232928407850275,2.228624947311848,-1.5009836629291076,-1.2500738341484103,1.1449210647374446,3.1733309937717893,1.0107365030706204,0.376629688804435,-0.36130089706208546,0.3345808948629837,-0.38748528640782787,-0.6674264974333676,0.0
1.5954333525612339,0.5225916843699068,-0.4889765619041879,2.484952159840951,-1.0500113568489338,-0.45106975808297,2.044803442723193,1.4509104410152958,1.9574256163439483,-0.8799796855788433,1.6010001751541478,1.8922321188350213,0.4479403119751816,-0.22628181567497352,-0.7912857578792598,0.44351770329697876,0.4755863271101887,0.8426764924647167,0.0817343963885424,1.8109412966730685,-1.0627650790476708,0.34964863683964564,0.3593947247987862,-0.16116995760756153,-1.2491232545159257,-1.8884154597347955,1.8068985071968466,3.1799213659393235,-1.4969570151920093,-1.4134434875324478,0.5738855386723404,1.0
4.859764754916204,-0.5455107840211437,0.992899580639355,0.5222927946725364,2.8051167577726304,-0.07265534585137379,-4.0671356387340545,3.0225980538499315,-0.9226163427339688,0.14054339658104498,-4.051682767606118,0.20314729416039268,-0.8865309905127249,0.26050802683392615,1.6999040434591186,-0.1493114770121638,0.9370785371689687,-0.02196416364885665,-2.761621687810153,-0.6448733707256282,1.4615435007256425,-5.938995827477358,1.2865023910993283,0.6134394610476572,0.043538732480711106,6.178888354519183,-2.9020698241170066,2.122011723364701,4.723665668231735,1.451994169735815,1.702356851133649,0.0
-1.2899582838396912,0.10500431646752356,1.0017179207090918,0.30697740656019384,-1.1897676488310134,-2.0762025691959023,-1.6084441219435361,-0.371703010921031,0.218763879359276,-0.24441926132173555,2.6376180770795665,1.031236980689255,-1.1276148026332418,0.19647857942655955,0.06921008482045754,-0.7256901642224898,-0.24563705200928435,1.5409865400610343,-0.325438960534781,0.542208979648872,-1.4395982093821253,5.914091192479344,-0.3219093650884923,0.45410445528683374,0.798273210925355,1.6549017909203527,0.0350053873775008,0.7694376976540859,-2.2414665003313656,-0.004607578607216904,1.0188939746185455,1.0
3.097755579080824,0.06807081221936483,3.789169096426793,0.2551812720948051,-0.47602068916994517,2.238637222408441,-3.0804998078341015,2.3587852430285117,0.9172538844734774,0.5060394530301823,-2.246487120806533,-2.345877119567761,-0.47930205462528724,-0.14187702159230423,-1.7686814465701892,2.394667411420601,-0.4543744566843102,0.47175778746449276,-0.5516620795362174,1.7335896302494962,-0.6512907947436786,2.0126040718495113,2.3657084055174544,-0.08295645927334784,-1.722804494798205,-0.20741070381898583,-0.18698379764877893,0.6354746171271697,0.3137551456149533,0.4497289305733686,-1.3965087530590785,0.0
-2.382149381601428,-1.8018024614243493,-0.7926469070231595,0.0795687079822665,-2.3872200432685435,-0.9481968840599213,-2.4607940628336964,-0.19640674568127947,-0.6686284767303035,-0.39264073980039393,5.279086777970301,-1.2307937691408313,-1.1721342361095264,-1.6558911932551408,-2.302574646070496,-0.9205654301222809,0.6376667395638355,1.4552762595895774,1.0620965331543792,0.13028935074900705,-0.8766571016534911,7.055817162722301,0.22910492785114678,0.2055079868999444,0.4568945607348837,2.674149200890307,2.9063382016609154,-1.668639402433382,-1.5468786430635384,-0.23201766885321748,-0.29466192072709496,0.0
1.3642756473933737,0.07754735291451388,-0.9535934134839201,-1.3401986976716687,-2.126546714134099,-0.3873089519781504,-2.284299657940145,-0.48541870271087134,1.6598754738885133,-0.38424661162312684,-0.6017787137877565,-1.570382932692873,-0.12108767806114523,-0.09238663149340254,1.6026040332012275,0.1035635096271261,0.11898222904709366,-1.6621313402800506,1.3567110186807214,-0.41020680371903384,-0.19975357553658224,-1.3903217691375935,-1.1594853667321818,-0.2131400610162911,1.3054601893484128,3.344658211407728,1.9930117753991474,4.722715900676777,2.201244349893086,0.5844987289672219,0.6857625507884723,1.0
-0.7585268103865661,0.5978417534009531,2.307467625011059,-1.5987376457185338,-8.424575283078733,-1.1064705156245354,-0.23549323144645895,0.029333446096754142,0.5692872266434721,0.42388131614212454,1.479418774947282,0.17948029634513918,-0.5283353956404414,-0.1093119235686091,-4.88762537282321,0.061028649607155476,1.180937239475491,-0.7186328068166599,-0.3793344796417715,-1.24050247672947,0.37654744416944,7.050530994007744,-1.387170941025015,-0.8881859639324868,1.0896018830130532,1.3724326251949677,2.22850168671571,2.7553354806947365,0.4925211140529995,0.6625432029107339,1.039766239147773,0.0
-0.36986021134015656,-1.0375272967048352,-1.6873495951873503,0.39452511979903604,1.5060356592937483,1.0837236676797497,2.137072137816835,-1.1612211892006763,0.4916074506591951,-0.9106443659634827,4.663721151822026,5.7260277893671505,0.6771632513541923,0.017333549008734024,-1.7359763741964152,-1.3048418139217923,1.1875571248000854,0.7125640136353663,0.07083789928448936,-1.0521667029135966,-0.24439996881135348,3.6222622814275187,-1.0431799048832504,-0.8701307968624501,-0.2318116291221726,-0.7356639833556757,-1.293840428159703,-2.172673471884058,-3.0052660697850166,-0.04714891390905671,-1.3927598029003712,0.0
0.7945876243773367,0.659290763646258,-2.9521614402950704,-0.06053904784620554,7.478856268611842,-3.3106088965813436,0.4334062024294518,0.3472579051978731,-4.404162933109633,-0.53333188790337,-3.0202741068187016,4.793186625498654,-1.2061311588181334,1.0906656851381828,5.147761939648832,-0.45349872611659897,1.4591661847692108,0.027601564195922444,-0.7681878832837695,-0.15568956474498852,-0.5791544535731356,-9.458885100222771,0.5368819180384379,-0.2865979561869845,-1.6838860048573663,2.174738879100723,-6.545544338025315,2.0518646257791966,1.483989015956074,-0.9037222720299418,1.519028141337103,0.0
-0.6720360282097371,-0.7243440380850866,-0.27509678627002476,0.770722134701659,-2.8835986694435527,-2.247825439257218,0.41900551463536206,1.1504297912392465,-0.7801721613964293,-0.34618467412381787,-1.6653804529795848,0.17280207994902264,-0.26474670651590343,-0.6790318458135713,0.4146126827540795,-0.6100916040803203,1.1730178461522545,0.8703605464054736,-1.2689261141605404,-2.3561358992340864,1.5112427983874033,0.9429502688709402,-0.48728994376286827,-1.6758569179216518,0.8286522602312927,2.3022174245238034,1.5440904191095401,2.1233367122741362,-0.2987558991353496,-0.8035660721462308,0.5810049258225227,1.0
1.0096976522356282,-0.4398282749281537,-0.9057051704337652,-0.10090800726201586,3.0814612987382466,3.8137193607389053,-0.15366063222488435,-0.9884100198786259,-0.90763354142701,-0.09999685326106753,-3.872122738731906,-0.3495234142662349,-0.4071267030607547,-0.7114664073983102,1.290617057278072,1.3181611276827818,-3.0087056294533254,0.08198404738192401,0.008147679639715018,-0.32494502531401537,-1.3814712146853272,-4.759202676679923,0.7025472644497895,1.7283377994506839,-0.3488760107178993,-3.253293577675444,-2.83933011850339,1.0297924717158051,0.4633731939715605,-1.012992536273963,0.18379189586209665,0.0
1.4554900337500927,-1.2826957245826103,0.6486820800408739,1.6879160955180175,0.9490774363479525,0.5359786768015802,2.201411915748426,-0.11717829156558254,3.753021325702041,0.5435433029859253,-1.9125806409371,0.6338690404960654,-1.0925844306647738,0.7847400291632026,3.027404786558361,-0.5391013999880877,0.06324587196210534,-0.03191508092318787,0.2617591114828944,-0.024799861313196114,0.1984782641737245,-0.02744617199558172,0.7143428412267222,2.5013354117416466,0.9456452663449555,-2.4035549272025225,1.576939356362919,1.604421881169559,-3.078008449994978,0.5613857972030291,-0.7942429210549364,0.0
1.4277303812480076,-0.47183251578746876,-0.8019074812558322,-0.5140243518844458,0.11074950906786794,-2.474133614012393,-0.5698250098420787,1.6634410746537351,0.2385219538367077,-1.167234700470957,1.3724681727218775,-0.732616593998511,1.8543156368192446,-0.9866069622794873,0.1731298258121159,0.8858125439446495,0.8599811103587663,1.8709110577870507,0.7174323484498651,-0.3426866808860176,-1.4222406360496573,1.6812119430497903,1.9276774445555696,-0.6710552039741577,-1.2794988179241944,4.232790204785311,4.740259529031252,-0.9064268387306815,-1.7016679019806071,0.15650446528432874,-0.17003263377838765,1.0
1.3761775346822205,1.6747284208726492,0.9355310419709968,0.0813214884578749,0.7487466453837264,0.14996161640415717,-1.0039268588302457,1.1911882226911168,-1.9667062047983581,-0.29436423355772134,0.8206485940126472,2.763621757820033,0.5188898551845199,0.3607028756617334,-2.801031866614829,-0.18553716525925368,2.3446285053425306,0.27796184554236336,0.26858349703645046,-1.0600193726823117,-0.31776165904460213,2.493287020388169,0.46842043923638305,0.14474984678915503,0.46843146549935843,2.464290286308834,-1.7095871017700197,-2.144509716066474,-0.4233254733114532,-1.5571977267220787,-0.8016596818961214,1.0
0.8320736456012576,0.7644446779412838,1.0111597710671738,0.1935210802736442,2.167908027948238,3.571102849266262,0.15434508017044513,-0.9050013834927524,1.3091631879445162,-0.6638613237386509,-1.7522525653790306,0.4276605774693738,-1.5942424335363194,-0.7232634804208156,0.36494496375202345,-1.166571576882327,-0.6357414405002767,-0.22841494326799996,0.40932123344579896,-2.7733087458553247,-0.6170381250351855,3.6702917836130142,1.6733110317408795,0.16923518138483962,-0.8023860474340274,-0.9936457288068478,0.5314764770351511,-3.8946502442349686,-4.115183152230815,-1.2717541464362612,0.21607064511351642,0.0
0.9683984873081037,0.5160479589967727,-0.5549146066090624,-0.2148135747687219,0.32439565495267597,0.7179926524231606,1.4130109357885636,1.0323418748279338,2.0672777685716857,0.7587879703827171,-1.4337974922839705,-2.25545631260102,1.0510481122826834,0.8134801438960919,1.3459400605170364,0.4917972750659863,-0.4138473247927179,1.2948320500810104,0.8094438036525419,-1.2501379436316784,0.25189780393156774,-4.658532501326773,0.40162015458989303,0.17015152362537914,0.31940491620891115,0.941385849708628,2.301965556484416,-2.347455583094318,2.640950818425341,0.6278949307414239,0.7736679400510622,1.0
3.3918192257136925,0.07041930224239502,3.0745326311144874,0.370680242400907,1.4134145026554632,-1.8143229947733324,-4.2210066222372795,-0.5302567402469112,1.644684397533939,1.575443637776105,-0.7389524026916976,0.8111964138576939,-1.2117940150644486,-0.9638824670498143,2.024686104572881,0.4921934864089345,0.31558719399558155,0.21871737608398414,0.036946185415222946,-0.42148258842152453,0.15341663115016663,1.3629583523198594,0.011053124018086488,-1.7598304151496038,0.6892036409355855,7.07747388481194,-1.4797403524251478,0.14246688496294135,1.6917443611542125,-0.06111466328917073,-1.1392118839632905,0.0
2.142073914129851,-0.44589027725260033,-0.14278973045283305,-1.4248014887440785,-1.103119438134298,1.036280269072392,-3.858821221920038,-0.36050457434884814,-0.42456586223938775,-1.4296365084658642,2.849644637906453,1.096150861109815,1.0353043738543748,1.002918860076439,-2.9935235578266717,-0.2330357875004006,0.42941086657404776,-0.17558083263886684,1.0406001561574836,-0.3982648621889219,0.23168399541586604,4.82008443323961,-1.1366310598365492,0.5083727610851574,0.36262775400264347,4.40728219848747,1.0660616998334604,1.0810627222723004,-0.41269840242295175,-0.6630504422016864,0.8490745542734205,1.0
5.141393715687055,-0.05383299548666945,-1.4578709985604226,1.78633302047999,-0.5199820837359281,-2.5022601841321745,1.4910667636926034,0.8899365957855333,1.6552745067372292,-1.9195469735335908,0.7273740045814121,-1.6118644615130586,-0.8416705066262656,-1.4743872683297898,-1.2565846185695329,-0.8976920740364985,-1.3534842045802313,-0.1418670554815986,0.004719856991319341,1.9262696981692347,-0.0266540524860822,-3.2906314828724557,-0.5543601969019238,-0.9086010552635636,-0.6281397195525337,3.195210125692464,8.245759985639282,1.4835370192584847,-0.10491060382528494,2.1820104748134947,-0.6497681912398087,1.0
2.535356174912483,-0.6661264430139741,1.5252943602219724,-0.9847234638416239,1.794995101494788,-1.2347024180709087,-2.6277688476365064,0.43509494424467815,-0.3314571195098438,0.34957441056345395,-1.6336265978840194,0.4388341973209313,-1.0366502882615756,-0.9765668021481594,1.310328859760852,0.06373405684773048,0.08623815283210759,-1.0361910134341055,-0.3842802266800492,0.42561596727642514,-0.8137326931027394,-2.4501689828375848,0.4268333947782078,0.9726044364527489,-0.6732569153282052,3.9808404372793733,-2.3498650774524643,0.8817931266411005,2.6663544538328194,0.10209166326701687,0.7934233611108064,0.0
-0.9870030962634168,0.9692914901134455,-1.543267064296455,1.5325781348565664,0.7880447817284946,-2.2658659736856306,-3.1415400011835106,0.1798936055554904,-0.3144066236951345,-1.434532499868141,1.3794981222369584,-1.857516488740568,0.8987626989892633,1.3836662222770815,2.9456103872349795,-0.3887429876112148,0.5932294567664785,-1.0569721965954153,-1.5964031874993185,0.2951157009558816,0.2701697847181603,0.10067414235529612,-0.4235666005349522,0.0002346457035875141,0.2377705205190793,4.175163766993261,1.2140891729848562,1.2785807903510082,0.5924349167584724,0.6823002010451482,-0.07902743921505342,1.0
2.1331204463057976,0.18330329300019882,-0.9369593817936847,0.24509039548050604,0.9388951016226673,-2.1319694708274017,0.846757307394013,1.0955091888881638,-1.704256822320085,0.30030139887714163,-3.226485620165549,-2.598245529838575,0.34752131561466726,-1.35912110706353,0.6503318565383053,-1.5768846295117123,0.513010829591826,-1.7509231942364278,0.15232417914149216,0.8861646814317332,-0.24586560527209686,-6.56570113232436,0.21751732387513464,-1.1317081897034713,-1.500868876752153,1.2785351486915861,2.789827140707175,0.7807828696109691,1.895778525589813,-1.5729943025046274,0.36557721881312416,1.0
-1.545775512195205,-0.9185633542939297,-1.8124851839602547,-0.33246458970781106,0.3496137636411463,1.4428450857789408,-0.8499255586640442,0.954446963999704,-0.6850426622038346,-0.36073107309027863,3.154268913034861,1.350534211735501,-0.8275149230634903,0.2826266021518639,-1.1705562576002067,-1.1553184228543667,0.38012766388545416,1.2477782150714931,2.530677609294835,-2.2540500606379226,0.8076785538282782,1.5394896392809143,-1.7622726297407465,0.9984497541090888,-0.1026597591201702,2.224878991791977,-0.9610863044030173,-3.2185467416022937,0.9570161940281405,-0.7905397156229648,-1.2530596446877686,0.0
0.42444474218786943,-0.8128467750263391,-1.016363597151463,1.0780221787087563,3.407139897830078,2.4498277648521327,-2.6999297910637843,1.1691954344863609,1.3905204239784177,-0.6946169200151351,1.3628552627667576,-0.8694820912961092,-1.368958360843192,1.6517525403711795,2.2760185895339617,-0.13578676265309306,-0.36716253485758893,0.15328471125355983,-1.7965709138443196,1.339953771350016,-0.6646422417088226,-0.29773035708732803,-0.7142539136140803,-0.3808851216497146,2.454475465514033,-0.16981242016059345,-1.0161805689617935,0.10028312533137096,-0.3509650017660322,-0.34136416638089795,2.9354127050847265,0.0
-0.03537091147183524,1.7637164450187561,3.239549854827425,-1.2788417228602695,2.0989778988583043,0.911179931812844,0.47592937790039314,-0.8455201094859703,-2.632770997728743,-1.2071995977587804,-4.383307328398187,2.890935783833513,0.569198418212836,0.27658807360749443,-0.45646179485891025,-0.08062852324969744,-1.1950273608788209,1.0104154281355453,0.767033061291395,-2.2582311256955325,-0.979856385282408,2.316756551105053,0.5027467053734053,-0.6882032627975281,-0.9090716846877834,-1.6259159742817169,-5.155956808622808,-2.6901030557220587,-2.6134552903477943,0.8526882777734451,-0.48678012910266677,1.0
2.9779249791984403,-0.6750109279837232,0.6543671666408539,0.3239419816484855,2.30301137382064,-1.5224594409310876,-0.9995228855260948,0.14840671471979197,0.485557183032407,-1.8049243220111955,2.6190836182885002,-1.269160739645253,0.7008710280134289,0.21211618890779343,-1.3007384859974005,0.3956172654814336,-0.5564443455047658,0.3155804926942031,-0.4371287567766357,2.6797932209853297,0.7607196192316643,-3.065438692873224,-0.6985447129280171,-0.14976471227575655,0.31866768118755084,3.705965772828883,1.6827221586645407,-3.837128121239395,3.2499548056221697,0.9631500589305442,0.6899800168000577,0.0
-4.241319740780188,-0.7722424263105723,-1.0512004394930825,0.4759243163517427,-5.599469708880555,-2.4081839489497083,-2.5880244437551116,-1.090909376845204,3.414363956688353,0.8607080315023223,8.48422362334038,-2.9113038775312967,-0.5309589256955375,-1.5163480028344432,-0.3241145492926707,-1.5012485082933447,1.0278202836096169,0.9349012129331533,0.5371648842589092,0.49899456250448604,-0.4617232397451481,9.004873730188233,0.768885378456546,-0.7398738600359334,2.402418375512014,3.96299557171757,5.603069686159317,-0.3480457335600359,-0.340173311900813,1.171544018347007,-1.5171415559744945,0.0
1.0547685218534335,0.7840256385250046,-1.3953778356605606,-0.17332001173353623,0.20983486389907013,-0.15796412863115417,-0.19336613207970532,-0.2196036213256219,1.4811972813740077,-0.6468426042778087,-1.5844515441080815,-2.5839707949113557,0.2820788281063565,0.5763012097365575,2.4208850056029343,-0.38895356921413554,1.7413193580593351,-0.5872034734979378,1.1928367620107578,-1.0194192114705811,1.5936484519588385,-5.674718038724879,-0.47322769278355953,0.0029807325325880082,-0.04957508943893267,2.690162028267594,2.038033163424979,0.18172707090126283,3.647524000263871,-1.6154212652576296,-0.5440872257225702,0.0
-0.7794990500051562,1.1218090819661681,1.0288393522353896,-2.6175567284275987,-3.5202107094275603,1.86788767862281,3.0348472545811354,0.5086757311717816,2.566199167988439,-0.9553443983499612,1.5839688104705125,1.8011840925308436,-1.2738968760352885,-1.129437187352393,-2.681805616605951,-0.5705017184110852,0.9510903327150315,-0.6469643087699515,-0.34531166118451145,-1.3231117013643257,0.7863385189767953,0.7099102665579792,-0.5695956942953053,0.007831621646274017,-0.3561332629700768,-2.2390470561113984,-0.9375885196172367,-1.5438465787536728,2.199964491471073,-0.9696897107388542,-1.5993598401222917,1.0
-0.9338910384315361,0.8260339020444982,-0.963978520638543,-0.16643000832377142,0.8708758752924518,0.5035326682779497,-0.09536366034032495,-0.22798698549144378,-0.3913604933646754,-0.3629879558723702,0.9064565387689648,0.49860042215412625,-0.000730341587725409,0.6905375915026223,0.6720778960763079,-0.3075437424448471,0.8662491014063739,-0.1648616201629108,-0.4535311051362984,2.800095026279666,1.463055722848054,-1.6101679287992996,-1.628754468575032,-0.8577335122594916,0.16560915510440086,-3.5248011926486034,-2.4135191719043276,3.30958350042077,0.17991544714411156,0.3285678777737385,-0.7176788499854608,1.0
-2.128646989755471,0.7294584537975877,2.009679686089892,0.9287005694561485,-0.3595635154597784,-1.9003704207077465,-1.3194141799162709,-0.7502730400510599,-1.034346498520505,3.1186520506560376,-0.9192326864783822,-3.9144418827694003,1.2550830294342434,-0.5405140254078602,1.1226694821243048,0.8959282068042048,0.2909019529191419,-0.44280630664294196,0.2715433194588795,3.8698215999352312,0.8155828735048626,0.21042254579367778,-1.5497940125589031,-0.8648185947506333,1.0116246019758082,-2.8929148399394777,-0.7046542276231114,1.2037790491139067,0.1246424351578439,1.0977289888717519,-1.5748046312628048,1.0
0.5281308298893654,-0.07772190170282954,-1.703954829048973,-1.1717713316035103,2.8228265852701497,3.845524222493523,-0.4716623545319638,1.5494059699175629,1.4675531352115359,0.15666248142025258,3.588207945565006,-0.017122944943082974,0.5636835270567206,-1.2754130317038943,-0.6977925295403284,-1.2136429537826,1.562625939684572,0.4623105009995257,-2.508760363515831,3.393933809495321,0.2353433875298149,-4.610397191600742,-0.3151283323291623,0.9489755653623566,-0.6210112414700896,-3.1824666660631427,-2.7895060603781636,-0.6062713470346237,3.6517770970137082,0.6716688150956449,-1.5181724724605485,1.0
-1.935529000906469,-0.20877112696679487,-2.7229289572911424,0.5051145653139075,0.4275117319356882,-2.595000957976387,-0.14157651522258274,-1.1488942345093898,-1.3003719652695602,-0.17491229086604912,2.553640230522222,-1.675383348937865,0.2837282624630631,-0.4591514679444319,1.249459680960936,-0.4682690802338891,-0.27315418093969335,0.9586124811778616,-0.9861267265411682,2.972917863641056,1.1372096879002809,-1.175851219322753,-1.0961393524531107,-0.748049016414549,0.17472785518708206,-0.8253567605001259,2.067862932645541,2.326740263330965,-0.7032447056358979,-0.9734597929223091,-1.1178740081028118,1.0
2.202553048526209,-0.6582417615188528,3.0076349869692787,0.7655079754552754,1.954968007779571,-1.3341933191658983,-3.7141467393028194,-0.43657298744412454,-0.28826345812785636,1.7334387105922537,-3.2980149459260177,0.7943681867475756,-1.018849098568817,0.47258087517056846,2.632673910262994,-1.4918550350840645,-0.2003857629248218,0.30302262961742643,1.3205555643675086,-0.41307489633365835,1.0362819424664684,-2.4011376081537197,-0.3273279523945778,-0.3219460159164732,-1.2422746624545054,4.797776820758251,-5.051116764492196,1.1307371189526685,3.6787269099440234,-1.241472837439138,1.5559076100439597,0.0
1.1891307994920841,-1.0623564881254481,1.6913180412070044,-0.8585848084084774,0.6363466123023758,-0.2962653052839622,-2.5956933469677033,0.1247161175261848,2.2162617983042137,0.6003849691871367,2.003257392157071,1.2396012804286594,-1.2958234939025228,0.4137736518636687,0.9035792740852844,0.5820431232719421,0.45380058533008827,1.4485278795915884,-0.022296089596996527,0.014276978458132916,0.40201792886210846,4.703393328491071,0.7779237205075654,-0.15465220174042554,0.9387244809961303,3.242544172908768,-0.27547460905145343,-0.32658080092741093,-1.3169828936668595,-0.13786850637373352,-0.19692788670692712,0.0
0.44240955628549283,0.21498733061624875,-2.5866008966762495,0.2004013620379846,4.518945174547746,-0.49515357226967405,0.5733534560638935,-0.1052964683509706,-2.6674958634459713,1.1270226175999558,2.441075074317242,2.3228824132027057,0.005568103883880995,0.33693846048899184,-0.8096248226641457,-0.5895909033861322,-2.5836132101749496,0.9252247750530878,0.5846992777920738,-1.5482405287333065,-0.9577954274743984,-0.6044573136607748,-0.799903279918747,-0.36713128984627014,2.247604509068066,3.0895039952468486,0.5777301525794206,-5.795708234395289,-1.510421508061643,-0.18997638301537495,-0.8351205117836289,1.0
1.6857132914506687,-2.109953287995191,-0.8007489770365505,0.8213156547022392,3.682563882085597,0.27823612268309783,1.0262319474877875,-0.9223614173579973,-1.1374364221445834,-1.6941900761082616,-5.20854787629705,-2.241710828136564,0.4310434041959321,0.514321755826086,2.86972922356713,1.0042075645443513,0.9781929403559605,-1.248285431822685,-0.02636478176945955,-0.018486708468548274,0.16494216896226996,-7.918631504962314,1.2953767748113345,-0.22497347787917865,2.037042078679812,-0.9247457766497672,0.06950972269670698,-0.4199013615876923,1.2389842681751142,-0.9306541225828767,-0.8099228999036585,0.0
2.96339454252547,-3.097321560928666,-0.5663853210187246,0.5350918221574045,3.3537054557319097,-0.29420689721851967,-3.5526535635623517,0.8120785008603186,2.0464934839185944,-0.4257414734444466,4.173092801338462,0.58862077414348,0.24053782091206755,-0.2658343057001391,1.1649594316746343,-0.7786614429775616,0.3582683967972801,0.8464054158098057,0.3623765980501343,2.779213625872187,-0.8194248427238666,-0.1913623878429559,-0.784053660123498,1.4916547606588935,0.10086074765161951,4.248872881296709,0.26580233624844696,0.2645466761546883,1.148568117488053,-0.5325884023919369,-0.4409633660193729,0.0
-1.3482359779022715,1.4406764619110801,-0.8482146133951884,-0.5507686972159583,-1.5427899491986539,2.704272139237967,-1.1666223509406568,0.1786315934584244,-1.1331742997614729,0.3996720891718123,-1.422483812670532,-2.6846158279773014,-1.1872803921917796,-1.1817105965369308,-1.169617162883667,-1.1098030616527028,0.25358578100678475,-0.5062348201514142,-0.14943476627191216,-3.0687801267610837,-0.6638626133043717,3.485948003517775,0.6057276297221417,-0.9503453142616486,-1.412372415337307,0.006660741233074181,2.744885235465015,-1.6847189904991176,-2.232904007224832,0.6419238115352918,0.6849038271257684,0.0
-1.8699053185694527,-1.5275926141194975,-0.008123090236949126,0.9087722909931331,-2.838853918209803,0.3400911972963552,-0.1407381655680653,0.018208169205497175,0.21584645105960265,0.5475455642722824,-1.2006185893046688,-3.1368088223684705,0.025935164903107478,-1.8413055441109456,0.07902883264601912,-0.47663067043347485,0.5245356137743125,-0.9890911192174632,-0.40048917407720397,-1.7342226527413342,-1.1594276435310251,0.17444454278684576,0.35753762695035024,-0.26043194540067643,-1.1772302708756754,0.3180157838757017,1.817215111611369,-0.6831554244747787,1.3772893530487458,0.8324152409241269,-1.3000675380165352,0.0
-0.9687533599534056,-0.40401521947168934,-1.5200001047045972,-1.419343045609346,-1.9134602790353528,-1.3921615937510103,-1.2629113760064477,-2.691820003434178,-1.2015393490589374,0.32170742900211385,0.8394864663787337,1.2004983458724618,-1.373840220058986,-2.277637443103034,0.032761789037992095,0.8825843118533621,0.7188100513387373,-0.08683330730743535,0.8753742823695407,-2.3144831336764353,-1.4415843871509022,2.1136056672094354,-0.7129269022353645,0.35711216241758303,1.0760731867128284,3.602784558507626,0.5356364634827041,1.9303995050443084,-0.12275640800166343,0.073871407793431,0.7474208696740395,1.0
0.40699688466428774,0.31431079383863936,-2.5919343043207363,-1.956061518581741,3.746066190867023,-0.09963272751601315,-2.641096210562138,-1.0296852053975183,1.009464848440372,0.08295739779634742,6.3971072133884865,1.506673625294873,1.2569820943342767,-1.9305000152454739,1.055191986922182,0.44774937486764016,0.21012097489016437,0.862563416114319,1.1293665083728823,2.3099573235114703,0.5246222592112377,2.7284535590244667,-0.08210684175577175,1.0537700394128648,-0.0442326100122819,2.471004564000682,0.8871486125997136,-0.5401008815690189,-2.0641213981940627,-0.9133684504518428,0.10379688001738367,1.0
-1.5528924048992154,-0.22336767140770478,-0.5527133513781091,-0.8646591610950257,-0.8258489343995262,0.43689785834478845,-2.4937662304246153,-0.3573249625987272,-0.055976271112701426,0.24914153368950845,3.497754212788996,-0.5240349938382223,-0.7932025356622682,-0.9830210963199054,-0.7644203777113501,0.9514872392032495,-1.5779614221935852,1.1420334101851435,-0.14902292809998555,1.0452117808512373,0.31879093038050876,1.938809753882423,0.4361569183796655,1.0750443234098161,-1.1873641610932697,1.0754457845826098,-1.1092448409692806,0.21295907200504027,1.6764575636190573,1.7251335664844256,-1.062298799228364,0.0
0.8985485692560836,-1.1890168483977734,-0.7924618044142808,0.14017182397210262,3.866138421214725,0.8524772272946302,-0.9376073081773085,0.7132566785113191,-1.8437398066949864,-1.9094400158154938,-2.833963428262956,-1.1262309754343516,0.483676712979898,-0.8671371212930519,1.8803492508301387,0.33395777114608743,0.059990992389958524,0.13180275221366705,-0.5694157917921486,0.34892022155488933,0.3396938338045966,-4.277004898366582,0.9801152600889258,-0.29924803292716406,-0.7010822137114264,-0.35422371863681207,-1.400799546004302,-0.44688225155768513,0.28039572087709264,0.025134499943796015,-0.2240224651114861,0.0
1.529215990666152,0.18284050398058493,-0.7733982775889877,-0.8869124466665272,2.2363963881109004,-1.3185674831526057,-2.70636985674436,-0.8219728169046029,-2.985348632933233,-1.2041777290126348,1.5295544788946807,2.130416707216959,0.04319839765661425,-0.014380541375175642,-1.2657299687651735,0.8826438733927486,0.35632367975852375,0.29697175184427343,0.5080678892222638,-0.8055338554198589,-0.45427814045965126,2.9707926116027163,-1.1363697468373533,0.9264551067892784,-0.5692799333406895,4.942716129220585,0.1412229348059611,-1.1403753600104913,-1.995311635346225,0.2331745410289826,-0.47946855812912265,1.0
-0.6988455790494412,-1.7591427307387817,-2.707991806668293,-0.40712056738864805,0.2739650004146895,-1.4978301394988687,1.2105478594943637,-0.22620753347339173,-1.9016490680203337,0.07024796577287758,-2.028396201419655,-0.2973622397643363,0.16180800736392095,-0.096595406070889,1.6733043830733347,0.16939924196295458,0.23825902615154274,-0.05679091621092626,-1.267129671273927,-2.1654997742287563,-0.7828559302695067,-5.02453227279913,1.2280312183249718,0.18977430914489218,1.7312474554508674,1.8029814341593593,0.7075873225776592,0.6350599285264432,1.724722203093556,0.3060979694355178,1.1228036754258832,1.0
-0.3631860147810573,-0.5419167133901026,1.7731231112718553,0.5423130450211251,-3.4101429135288353,-1.7213391821567932,-0.7852557317914626,-1.0144757580556947,0.4553241048459943,-1.2473215514195382,-0.25814005286789105,-0.574265355935389,-0.06876826630941203,0.5966829648811536,-0.7480370821802071,0.6871488521747818,1.1066879496402442,-0.8751647172194985,1.8860501550116067,-1.479761073195953,-0.7082824644630188,2.8120212420601027,-1.4314093252952889,0.7500320089102788,0.49003258574136915,2.9638590462510783,0.9953851395247612,0.07330047012922658,0.9897401911711471,0.7514886491041389,0.6770154547455927,0.0
0.7415073578553484,1.4061579792238086,-0.6386886669706222,-2.239512153756977,4.174742907450819,-2.8114724422741566,-0.5372989583985113,0.5137162033423958,-1.9043802499413336,-2.6570842769316165,-0.4594463419472056,1.727208818734689,-0.8587934245198623,-0.9015022523359573,2.612112107107891,-0.4189711751863276,-0.8866736089504557,-1.2216716807337415,-0.3979942221057725,1.3192011273152953,-0.7955979538137226,-3.765089350899008,1.5707395674978013,0.24822345801754922,0.08575598613773261,1.9408761626196487,-2.616312919342665,0.3181648837749004,0.556919040505645,-1.2043794691754746,-0.653763469100742,0.0
-1.7241682054247403,1.2304620227024152,0.8583525241379467,-0.30282280286369057,-2.4595558467307717,-2.2166565354809498,-1.4575869818347775,0.025337825375916497,-4.941819862726017,1.3315509622385469,0.09226388454027383,0.4197077399260476,0.6337771394471248,0.1629967270127006,-3.383032108348067,0.08153171684748389,-2.05627266420763,1.4494117548370147,-0.26181652759028,1.2480832459954336,0.29513507742860146,-0.33982403269354655,-0.13113164893884513,0.3596445678667444,-0.6144586955844635,0.5202189196583467,-3.8057457463252824,1.6906009072266126,3.2923099690732625,2.898656609687292,1.3098294875819607,1.0
-0.2732851302044057,-0.5462036408174643,2.3928025576869354,0.31259788552041506,3.15524890857994,1.8920687404404055,-1.482640166729175,0.16203666052511156,-0.3011970651276774,-2.3858146449409654,-7.437513565066401,-4.7492962935693726,-1.3527847503928891,-0.46968647373900024,4.71633501269654,-0.09869026953520472,0.9462789055121255,0.4509198152610777,-0.319743795961651,1.9774309555320835,-0.48701337371149694,-6.017808339859149,-0.8040084423972795,0.6193229114800937,-2.129196154847528,-4.753282110608107,-3.926421075123759,1.7010370694439065,1.5065891733108678,-0.5041049128990163,-0.07055252894397758,0.0
-1.51927042556812,-1.5481772778681018,-3.066540943036857,0.11254611030582959,-2.309206837077647,-0.16688773694132686,-2.4771314747209203,-0.5533262578307359,1.6861873320119625,0.37200856130024307,9.350472213991498,4.789194875604528,-0.1423670214557282,-0.15273007374580744,-1.9736100902698586,0.5542035261556184,0.2695461376061313,0.6225152521938102,-1.5327370268191618,-3.3743966962498035,-0.30179270779195183,8.616308415689018,2.034935142871035,-0.29705021295807327,2.7435332852393777,7.341386086551028,1.2825608790755527,-1.2972170211576666,-0.6861726796309909,-1.0797622540866074,-1.355534493186716,0.0
0.8133607414439251,-1.2805410354273505,-2.090185430233097,-0.26155276386374154,4.210104161350129,0.09749284147577475,-1.8321460565668715,-0.7777755784334546,-1.2250677585102012,-1.0055055524382643,2.558275629374685,-0.1663300807638597,0.4920043808208568,0.09615403043981169,0.6986310892901375,2.1080502241651056,0.27094144580386054,0.34835258722632184,0.3191642713650991,3.1228811631909825,-1.2824487393490178,-1.936027308433516,-0.37023254547678813,0.4800735837460009,0.1479161404616716,0.1144945024308902,-0.3331557572048999,0.08544515480665249,-0.3985058433142519,-0.3226956045284223,-1.0295161718191725,0.0
-4.629911214245597,-1.2353629457478517,-0.1619377522513299,2.0065269852334238,-4.55978531154743,-1.4765885433683903,1.3452850012520439,1.660378714616677,-0.969798983623838,0.0048076540506701735,5.838527549992871,4.950704511635271,0.8213889754213919,0.37152601680472974,-3.3367465721113825,-0.5467233402056776,0.014643780573554269,0.6394412421578267,0.5719908007808311,0.10149034698540038,-0.5379040331858672,4.422285106615101,0.6421555715421596,-0.3305863369727735,-0.39480878757276283,-1.4270282683995463,-4.96311735631109,1.348922017893179,1.9178449126354185,0.4603019231918627,-0.5302605886737636,1.0
0.683215406424885,-1.013464757998975,0.42807249204587505,0.33896757568585034,-0.04934808815955977,1.9427473821617935,1.699174772362728,-0.5312143015713204,0.6590888564516966,-0.7143700547353881,-0.8042805672460223,1.3791020279808732,0.5352505485658456,-0.0542366493537577,-0.9786963234116522,-0.1444970609721632,-0.5351424638176859,0.632879536978971,0.5571118889271056,0.6657939698543756,0.8256141965557479,-2.867428333369417,1.8402999198278533,0.7013580444216553,1.5149374745927138,-3.2273918503523014,-2.573517034934813,0.8630799709732893,1.770908663621456,-1.238291403867533,0.9219224091621914,1.0
-2.9181709554830513,1.6117671122616055,2.6975085199012567,0.9751756708075023,0.532245594977638,-0.02578701109041659,-2.2389594369158123,-1.3302816440445333,2.9849663466404257,1.4255166575320026,4.3412125122581475,3.9051908285390446,0.2644773819208069,0.23439047252845258,2.1429704679992225,-2.1745486501029676,-0.2710622605706349,-1.422531649105901,-2.2378525387419614,-0.5603517239939075,0.12135239706678812,10.33788241157441,1.5965642147652,0.037700685518404574,0.9041265837321159,0.5748000638006422,-4.377967307965083,-1.3684766539135889,-3.8456615100073606,0.8773209887449515,-1.1496060145730558,1.0
3.009770512600539,0.07044046011063944,-2.213891019101612,0.6078386776735824,0.9025702221857723,1.0190753080530417,0.22161546158116918,-1.4958846631357803,2.828090703385917,0.7232382408386603,-0.2739625784436202,0.24722596795952456,2.165954093885144,-0.3564778704137707,1.8437488058009806,1.3792331468734251,-0.4521590900498219,0.2987522089665776,-0.35840311817251946,-2.1036320656756806,-0.46367269053052484,-5.187707571432296,-0.6911946869230909,1.34369397547708,1.9501982212259341,4.00533345086858,2.1981926016579743,0.3362698944782998,3.080763164459596,-0.5648681930450166,0.659480439822255,0.0
1.9456930465039974,1.192120831314535,3.510178695008398,1.023497343917562,-0.8299894196627453,-0.07644257521050646,-0.3734038253364056,0.9473358956420345,-2.5621661809280516,-0.22119912955496088,-4.033018924186298,-0.28753979158935805,-0.006979415831986269,0.15696996659146076,-2.8342534560514254,0.4293737645410405,3.1220759549474306,1.9030960453339618,1.0493619214233079,1.2994727206577994,-1.3778492385571401,-1.2219652996275125,1.6656241981067479,-2.8148092096472057,0.3756383985449673,-1.4535821357130374,-2.6930928354808485,0.8465829155972151,1.4501376954731648,1.447691923446498,1.8310943660020171,1.0
5.175220985787822,-0.8362895590817008,0.5125911856858825,0.2852181064164691,1.3706387204796784,2.159426086884073,-1.559052156231147,1.1380634911766618,-1.1874364923159888,-0.7690618204015028,-6.262475922122655,1.5995478186662875,-0.9323048274087727,-0.5601575032829782,0.1124113690263625,-0.9966396239171923,0.7666064378909864,-0.4514744016286324,1.6221939445990696,-2.200968512226139,-0.8982380669611884,-3.822564930135472,-1.3411174998371915,1.1383127986600747,-0.029266127065341714,2.135629926422084,-1.5974096733179826,4.01168908924992,0.6790238792853605,0.6900265708211375,2.4466647414783,0.0