Event_ID,Address,Presence_of_Pets,Percentage_of_Frames_with_Human_Presence,False_Alarm,Time_of_Day,Duration_of_Motion_Event,Events_in_Last_Hour,Outdoor_Temperature
1,2422 Willow Rd,1,90.0785922551564,0,5,19,0,53.21258175014894
2,3036 Main Ct,1,98.16926104316998,0,17,20,1,70.45256564991433
3,6228 Chestnut Ln,0,25.55577349447482,0,4,25,2,69.54318628251212
4,5620 Maple Rd,0,26.367181146036287,0,18,25,0,69.03484022157723
5,9363 Oak Rd,0,99.22116603385717,0,19,7,1,67.19567964769315
6,7418 Elm Ave,0,32.24650139652253,0,4,61,2,69.72206617752727
7,3310 Maple Ln,0,25.509112434678784,0,7,1,1,65.12991923437569
8,3597 Elm St,0,18.940142512464863,0,13,8,1,64.06445398629528
9,101 Maple Ln,1,87.48577128622838,1,0,7,2,61.0825024385198
10,4495 Ash Ln,0,80.26941914027698,0,14,3,4,71.77927817846216
11,1312 Ash Rd,0,91.5495324127034,0,15,19,0,62.77944346158745
12,8119 Birch Ln,0,79.89414681009876,0,13,44,0,54.20821684745927
13,3226 Oak Blvd,0,15.37441966217804,1,20,0,3,72.77733306836646
14,8572 Willow Ct,0,94.64384181896439,0,2,99,11,68.01154815256331
15,334 Elm Dr,0,81.18099728115247,1,1,43,2,46.65705020734424
16,6208 Chestnut Pl,0,35.61055223727644,1,11,6,3,71.5962336662354
17,7881 Willow Ave,0,4.941051731333779,0,11,54,1,64.8345097460016
18,1004 Main Pl,1,23.378874628712698,1,0,8,2,57.710137628281686
19,7461 Willow Dr,0,29.71875096381259,1,13,9,2,63.94134765043952
20,3439 Ash St,0,62.027917531413536,0,18,6,1,65.88222720650948
21,5309 Oak Pl,1,35.78448645311677,0,15,40,2,73.81480621268682
22,6710 Elm Ln,0,54.321598772826306,0,13,4,2,58.42518114224704
23,3866 Ash Blvd,0,66.6757903890739,0,9,29,5,61.247016184912184
24,2605 Ash Rd,1,18.813802013557712,1,21,58,2,65.19724546670598
25,8280 Ash Ct,1,27.963252615228384,0,4,35,4,53.80721317449226
26,8403 Oak Dr,1,31.631502623747533,0,5,34,2,75.48803635565635
27,2505 Pine St,0,33.786072291420744,1,4,8,0,66.34164525033802
28,6692 Chestnut Rd,0,53.18865327539727,0,13,34,4,74.89032221114044
29,9528 Main Rd,1,58.25939815839626,0,8,2,3,48.63459771836503
30,1647 Main Pl,1,52.306170605246194,0,19,15,1,76.78097927815207
31,2597 Oak Pl,1,19.78143604766244,1,8,21,3,58.56916066363486
32,758 Chestnut Ave,1,77.96030851091642,0,22,20,1,56.53999873050031
33,5953 Ash St,0,52.00847506883209,1,4,51,2,66.38583712391741
34,5675 Main Ct,1,91.15282662834379,0,0,36,2,73.44438939285465
35,9759 Chestnut Blvd,0,65.27630321196858,0,0,132,1,58.0195213307482
36,7860 Willow Dr,0,37.088119849259684,0,17,45,0,62.947903639028425
37,8249 Main St,0,5.364193429620856,0,15,131,2,48.11285805165436
38,9544 Ash Ct,1,12.99343427983839,1,7,27,2,77.10565771895732
39,7854 Pine Ave,1,32.696358041772974,1,11,2,1,59.374459271563815
40,8125 Elm Ln,0,4.045868983708168,0,8,21,2,58.319812171445506
41,1492 Cedar Ave,0,54.906985906523055,0,19,44,0,58.37220284574484
42,7228 Maple Pl,1,8.592794967404727,1,1,19,0,56.225705977522836
43,9979 Chestnut Pl,1,59.22187786589844,0,2,16,0,71.86257006392755
44,2415 Ash Ct,0,80.18998453461431,0,20,19,2,56.77308109035622
45,4990 Pine Pl,1,10.740780630949287,1,13,51,0,51.29274620821551
46,8028 Willow Blvd,1,70.19074929532084,0,18,59,1,68.54214722221597
47,5395 Chestnut St,1,75.55550142303468,1,7,6,0,72.49527472119935
48,693 Elm Pl,0,44.41640685585215,1,5,6,3,75.20935960114112
49,5477 Pine Ave,0,98.99739722586105,0,18,2,1,69.63369934962046
50,5993 Pine Ln,0,54.09717440859034,1,0,0,2,64.11975188049118
51,6024 Oak Ct,1,14.411560976138071,1,2,3,0,57.51363224931451
52,541 Pine St,0,38.62544820665812,1,15,5,0,64.8809087974692
53,4088 Willow Ln,1,43.08289901782978,0,12,15,3,66.88851515265318
54,5684 Birch St,0,82.75957257519285,0,23,19,1,73.3157745511928
55,2350 Ash Pl,0,92.19476873484366,0,17,75,1,65.22106711861679
56,1438 Maple Rd,1,69.76837534378441,0,15,44,3,82.30283851924615
57,4154 Ash Dr,1,85.46018230529307,0,11,38,3,57.38543036798237
58,4730 Pine Ct,1,83.51714242158383,0,14,9,2,64.54223882278865
59,3269 Maple Ct,0,17.365290843058578,0,5,131,0,66.54147085234268
60,3597 Oak Blvd,0,83.3136766095528,0,0,1,1,45.88108297247238
61,7408 Chestnut St,0,76.4314564918074,0,7,43,1,61.747271464783886
62,798 Chestnut Ave,0,13.07092374258435,0,0,91,0,61.69174464995564
63,5237 Maple Ave,0,14.996855640993923,0,7,45,1,52.788227672931484
64,4968 Cedar Ln,1,48.461184577226845,0,20,9,3,60.767762544797954
65,4611 Cedar Ln,0,10.681205565934137,0,5,10,2,85.92294383672045
66,3276 Chestnut Dr,0,31.80370299490245,1,0,94,2,66.5277594668558
67,9622 Chestnut Rd,1,39.718014806735255,0,11,3,3,72.86474174110657
68,1129 Elm St,0,46.25928414467694,0,13,7,1,69.10519731850371
69,7013 Chestnut Rd,0,67.74668911193814,0,15,14,0,52.72073568298617
70,2421 Willow Dr,1,36.982590572363094,0,19,7,2,73.32123473979402
71,1757 Birch St,0,31.964498184819202,0,15,16,3,65.88598785847888
72,9042 Willow Rd,0,33.36814297449878,0,18,18,0,74.4911286668617
73,7525 Oak Ln,0,13.651892648009822,1,10,7,2,54.38540902197285
74,336 Elm St,0,42.461676905861786,0,16,20,3,74.23842304976205
75,5699 Main Blvd,0,96.60767814545733,0,13,57,1,50.49838425652162
76,9553 Cedar Dr,0,70.97982345369162,0,20,44,2,64.68865405772577
77,4599 Birch Ln,0,86.71715475701927,0,1,47,3,65.560502652802
78,9691 Willow Ln,0,62.70009476000722,0,12,29,0,63.884649068495904
79,4761 Willow Rd,0,51.70492409660105,1,0,83,1,62.9537405478842
80,2507 Birch Blvd,0,16.06479627606333,0,5,8,2,64.51390344065862
81,419 Ash Pl,1,58.94786894009961,0,3,40,0,63.87989733816763
82,2833 Birch Pl,0,3.809973386510368,1,0,37,0,60.55152516972517
83,4262 Main Blvd,0,97.1080974266312,0,14,37,1,72.01616559923629
84,3250 Maple Ave,0,28.55184541729384,0,6,25,2,65.59733949078935
85,9628 Elm Rd,0,16.75443369198706,0,16,39,1,74.97346086785629
86,6102 Main St,1,99.03764537458706,0,19,5,5,68.95493462340961
87,7882 Main Blvd,1,15.481702757033489,1,12,13,3,69.98268584480309
88,7795 Pine Ave,0,67.01029060881639,0,17,24,2,49.02683588103427
89,277 Willow St,0,35.515841314721456,0,6,18,1,73.73336681914267
90,2950 Ash Blvd,1,85.76021052213858,0,23,17,3,59.15263854492547
91,7689 Chestnut Ave,0,59.35261068853014,0,1,23,3,67.56102767838854
92,298 Oak Ln,1,82.10881992123721,1,11,4,3,63.40138079917171
93,7535 Pine Dr,1,23.845319580271372,0,2,18,1,68.63615149689214
94,6295 Main Blvd,0,30.483779588915795,0,10,20,2,67.75926509567844
95,3978 Main Blvd,0,34.32712276584824,1,6,8,3,62.016164566583356
96,5732 Cedar Ct,1,77.57328393238872,1,14,7,4,71.31142512631335
97,2494 Willow Pl,1,15.112632233142975,1,1,6,1,71.86421110048568
98,4364 Maple Pl,1,65.47479080440098,0,15,23,0,69.14979643850798
99,3515 Main Rd,0,14.582631932665446,0,19,24,3,63.73105165490155
100,5413 Willow Rd,1,94.78993087069493,1,7,4,2,75.26169438528123
101,8635 Willow Dr,0,44.678032447706364,0,20,32,3,42.70782526399705
102,7264 Cedar Blvd,0,28.395178392170894,0,19,37,4,81.59493408960972
103,6916 Cedar Dr,1,69.4039682025171,0,11,11,2,59.04089598558927
104,7839 Willow Blvd,0,51.165689691475905,0,2,28,2,62.20346570811998
105,9541 Oak Blvd,1,1.7068529318155723,0,2,16,1,70.3398225805404
106,2194 Cedar Ct,0,21.135313233570464,0,4,46,5,58.8093717955637
107,7175 Pine Blvd,1,11.809435341034181,1,21,22,1,49.880554144771054
108,6101 Main Ave,0,11.891268644149577,1,3,22,1,84.49073401653479
109,2221 Pine Dr,0,0.39208340107295125,0,17,74,2,67.37193830648275
110,910 Maple St,0,44.3931889455333,1,5,2,3,72.14390300625627
111,4663 Chestnut Dr,1,56.26319629292394,1,0,84,4,57.92050965050214
112,5576 Elm St,0,81.87022919126655,0,6,19,1,61.14556468258846
113,3013 Willow Blvd,0,33.427766125923256,0,5,33,3,63.781944862625906
114,677 Birch St,1,42.39349561945257,0,22,11,2,56.37026731323181
115,6365 Elm St,1,42.41034202155417,1,1,17,0,75.15827558033072
116,284 Birch Ln,1,97.49259574410107,0,0,18,1,51.454834955162866
117,6927 Cedar Rd,0,52.941601948888675,1,22,3,1,48.78464487514705
118,736 Main Blvd,0,87.51824974224037,0,14,25,2,72.04669688939511
119,551 Chestnut Ct,0,47.271170906284986,1,2,55,1,61.09483932051065
120,307 Birch Ln,1,67.94968249617027,0,12,59,3,72.17497402464666
121,6693 Birch Ave,1,4.072368369958412,1,0,1,3,80.76509851336337
122,8542 Elm Blvd,0,50.18092424524957,0,8,5,5,51.827986705186845
123,3440 Pine Blvd,0,29.70399631122913,0,5,20,0,67.75640739267553
124,7269 Willow Ct,0,80.21565473081176,0,22,1,1,81.5462339405048
125,7269 Pine Ave,0,16.165974447696176,1,13,2,4,67.94960413167604
126,9164 Ash Ln,1,62.962805536624785,1,1,17,2,54.191288890342506
127,1284 Oak St,0,74.79529106082782,1,23,10,1,62.26347157717213
128,8416 Elm Blvd,0,34.34309901223862,0,14,26,2,67.66926289494913
129,4543 Birch Ct,1,71.92005981439031,0,19,6,3,58.67823613920374
130,7786 Pine Pl,0,88.17865218224344,0,18,39,2,66.671393565426
131,8111 Willow St,1,33.91017569403794,0,13,25,1,70.78322986867158
132,7356 Chestnut Pl,1,58.51105219551401,0,7,0,3,45.929625246076554
133,7862 Elm Ave,0,46.66178929307281,0,20,30,0,70.4111466968589
134,602 Pine Pl,0,46.15450082228942,1,2,24,2,46.09940138277862
135,7139 Birch Blvd,0,68.60527864941037,0,9,76,2,69.0920979644665
136,402 Ash Ln,0,86.00721489900278,0,8,57,1,48.873208136915096
137,5768 Chestnut Ave,1,63.5444756542493,0,12,10,0,64.7275652808816
138,1589 Chestnut St,1,98.87985236358827,1,17,2,0,63.80588340838479
139,3827 Cedar Rd,0,0.9945815321784734,0,3,36,3,74.03335173818492
140,1829 Elm Ln,1,88.10477335777001,0,18,13,2,74.58223282426175
141,2171 Pine Ct,0,54.22424575900543,1,11,8,2,67.55538008625892
142,962 Maple Dr,1,36.874153121523776,0,13,18,1,54.59249829375192
143,969 Pine Rd,0,52.15978628296259,0,18,1,0,69.4114404511789
144,7676 Birch Ln,1,57.818707562077456,0,20,18,2,50.29881796581856
145,5581 Chestnut Ct,0,15.569764985566525,1,6,4,1,69.65153328229933
146,9706 Ash Pl,0,98.98738950343213,1,23,12,2,67.55517741230787
147,1558 Oak Pl,1,0.12337564731156325,1,12,15,1,53.011441586097945
148,5258 Main Rd,0,90.8790939907239,0,10,7,2,60.52514152187355
149,8305 Pine Rd,0,9.938413666891687,0,9,127,2,59.09257537413892
150,579 Cedar Rd,0,25.31105209152129,0,16,34,3,57.700666512238655
151,9715 Elm Rd,0,18.596859376917998,0,2,38,3,57.49457721155599
152,8535 Pine Blvd,1,53.25434516228472,0,9,9,1,66.6224760589685
153,2138 Ash Pl,0,69.58757225443875,1,20,4,1,69.55657957025008
154,4908 Chestnut Ct,1,88.28264995450138,1,2,4,0,89.93331750471667
155,9419 Chestnut Ln,1,34.02998353884662,0,17,8,4,74.10966710652885
156,3522 Maple Blvd,0,8.605699708816083,0,9,13,0,72.45239680226001
157,6883 Ash Blvd,0,98.03570067897596,0,7,12,1,60.099911207708566
158,7060 Willow Pl,0,82.93910940847975,1,22,24,1,60.787151535640234
159,4449 Elm Ave,0,79.40595583495904,0,21,0,3,64.12914330418694
160,7668 Elm Rd,1,18.084037851244872,1,17,39,0,71.70211028717233
161,1438 Chestnut Pl,1,28.20883154949859,0,16,24,0,55.25658444215877
162,2433 Elm Pl,0,39.70642829601355,0,11,45,0,57.67560561654737
163,8327 Cedar Pl,0,27.540861639577983,0,23,7,1,76.01966435123607
164,1135 Cedar Rd,0,78.5343618302783,0,3,42,1,67.75628844093538
165,8619 Pine Pl,0,53.50216299915193,0,20,42,1,45.01860141209109
166,4554 Cedar Blvd,1,10.456103707555009,1,5,47,1,73.39915359560423
167,2565 Pine Ave,1,1.1596458457853398,1,14,45,5,70.75842561030545
168,9258 Main Ct,1,7.121679114780088,1,12,9,0,55.289407150927445
169,5147 Elm Pl,1,54.277235089106824,1,2,78,2,63.700598952301974
170,2701 Main Pl,0,8.941321615617525,0,7,58,2,62.57866947132946
171,2902 Oak Blvd,0,32.09262079603006,0,20,2,1,50.66787531334502
172,1733 Willow Rd,0,73.42386426539048,0,19,25,2,63.45181368389316
173,4917 Birch Dr,1,92.67653500769387,0,7,3,2,58.613714236168526
174,2405 Cedar Ct,1,57.97074206400834,0,2,2,0,61.91099141332797
175,2524 Maple Dr,0,37.03083386593872,0,14,53,2,78.44021051175125
176,1491 Ash Blvd,1,27.157699563276616,0,12,53,0,78.87810051158463
177,8004 Main Pl,0,96.1489042099453,1,22,5,2,46.0591963076093
178,3705 Cedar St,0,51.30521149136962,0,10,11,2,55.98038175174406
179,9419 Birch St,0,28.872529882330422,1,18,5,1,44.48192461429572
180,6498 Birch Blvd,0,13.568885715653833,0,14,32,3,72.50062464364149
181,6550 Ash Blvd,1,41.91208872751015,1,23,50,2,60.69361290912198
182,4935 Elm Pl,0,82.83022354497706,0,15,44,2,60.20790981462746
183,1656 Oak Pl,0,38.941886714561605,1,21,7,0,51.55842554899662
184,6371 Main St,0,44.81930351448635,1,3,34,1,65.36612033155514
185,7058 Maple Ave,0,47.85266043591974,0,19,17,3,62.17385482897149
186,4072 Oak Blvd,0,3.609019672533964,1,17,0,1,71.83915931478
187,2445 Maple Ln,0,12.52564076923235,0,11,17,0,73.6540881294189
188,8700 Birch Ct,0,26.047213288605718,0,19,11,1,47.284107100602526
189,8236 Ash Rd,0,81.80315633732441,1,13,6,2,74.07937822535246
190,3355 Birch St,0,26.792660727897665,0,11,27,1,61.262741336176255
191,8922 Chestnut Ave,0,47.700261060066616,0,19,20,5,58.7775432264895
192,7631 Maple Ave,0,22.67212712487119,1,3,46,6,48.84254834453097
193,4141 Chestnut Dr,0,21.945837012045487,1,8,1,1,76.99809921508003
194,8911 Pine Ln,0,34.0360085570488,0,18,40,3,59.86681785578766
195,3537 Ash Dr,0,98.28980589336,0,0,47,0,69.43184506385182
196,3094 Elm Pl,1,33.937797395822045,0,8,3,2,58.42251600607944
197,7635 Main Blvd,1,1.9096248399176563,0,1,83,1,68.66044537685065
198,8347 Ash Rd,0,50.927749887851405,0,5,74,1,68.90212994764269
199,3892 Birch Dr,0,45.46052300292992,0,13,28,1,62.771956409267816
200,5838 Maple Dr,1,39.47334331575707,0,23,3,2,49.99838396098707
201,4092 Cedar Ln,0,96.6252979428972,0,6,0,1,61.916219616735475
202,2930 Oak Dr,1,90.88338343018444,1,10,6,2,70.89660724790309
203,4545 Elm Blvd,0,91.11249367648377,0,23,26,1,59.66380343562704
204,3562 Ash Ln,0,25.90628350765447,0,17,44,3,69.11704363241248
205,3169 Oak Ln,1,44.0230950426626,0,14,90,2,69.55688331565615
206,4634 Willow Ln,0,86.43246457580138,0,8,31,3,60.04343875707013
207,7765 Ash Pl,0,44.07768307409102,0,16,4,2,58.35146565545827
208,4218 Chestnut Dr,0,16.941954624595134,0,11,37,2,30.0
209,1593 Willow St,0,55.52924854277536,0,13,10,0,61.388475827758135
210,8493 Birch St,0,91.25188059316365,0,10,53,0,65.84932508280829
211,743 Ash Rd,0,42.454701470690146,0,22,8,2,65.55732569263373
212,7178 Ash St,1,62.20352705024666,1,2,22,0,46.172901425925154
213,6019 Main Pl,0,97.65110778509039,0,16,51,3,58.66742446216911
214,8338 Birch Pl,0,68.17684209750755,1,0,5,4,50.939125299412524
215,3094 Pine St,1,72.8484788928009,0,12,23,4,70.04863204040508
216,3366 Maple St,0,20.37827729071695,0,6,116,3,63.583027076729266
217,9685 Main St,0,7.068441422976357,0,14,120,2,72.07172309287279
218,6477 Chestnut Blvd,0,13.018706058936502,0,20,9,0,71.51072108112305
219,7967 Elm Blvd,0,19.67313013855736,0,16,23,2,73.42982458347379
220,1228 Cedar Blvd,0,24.429293649887974,0,14,43,2,73.10011490463872
221,5859 Elm Ln,0,94.35705112087473,0,4,11,0,60.39152097210859
222,4715 Oak Ct,0,33.4069651675576,0,13,49,2,74.70756651323339
223,7216 Birch Ave,0,36.23536394016181,0,16,25,1,58.536004305926376
224,1847 Ash Dr,1,26.698801853965737,0,7,42,2,77.34750144175679
225,6138 Main St,0,22.051849622124575,0,20,20,3,59.99993952358523
226,5946 Main Ave,0,80.23598232552402,0,20,30,1,61.00574080317053
227,9622 Elm Ln,0,3.3467221754170606,1,4,2,4,79.93639752023142
228,3035 Elm Pl,1,66.60300331320992,0,0,46,0,69.53592220814065
229,1896 Ash Pl,1,62.24390679291956,0,18,16,0,71.37016726569784
230,728 Ash Ln,1,33.17307649968079,0,18,3,2,72.66392319554085
231,7066 Cedar Ct,0,39.37112831798518,1,2,2,2,59.12380978544997
232,3135 Oak Ave,0,44.33732830784272,0,19,44,4,53.57217623752449
233,6337 Cedar Pl,1,12.675315471420124,1,18,95,1,67.25898681805569
234,6978 Maple St,0,48.59121038837867,1,1,23,1,80.3241384831227
235,4840 Maple Ave,0,51.534077764544136,1,1,87,4,74.0499703866033
236,7387 Ash Rd,1,28.465508228531622,0,5,25,3,70.83653101683336
237,906 Willow Pl,1,98.2132744936458,0,5,21,1,54.66962333116138
238,6487 Maple St,0,86.39531566209773,0,15,8,0,73.66618873289316
239,7451 Pine Ln,1,60.21594836280975,1,2,42,1,78.05926410938162
240,296 Main Rd,0,16.747114079648007,1,21,5,2,59.186304060962215
241,8618 Birch Rd,1,26.39136623430619,0,3,43,5,67.7195865985779
242,4942 Cedar Ln,1,77.4975264606255,0,5,77,1,51.99904883032889
243,4338 Pine Pl,1,12.988065235800706,1,9,39,2,84.13724260384916
244,8024 Elm Blvd,1,46.83633194292911,1,0,52,3,56.05663025928644
245,1806 Elm Pl,0,51.94937819712949,0,20,86,0,62.45452908346954
246,6156 Maple Dr,0,12.971046449075995,0,18,13,1,71.18547596213875
247,3960 Oak Ct,0,42.27208540729907,1,2,90,1,59.848332567020876
248,6423 Cedar Ln,0,44.4924487449604,1,7,7,5,63.34551275691435
249,1464 Oak Ln,0,3.750927543843108,0,12,5,2,69.3737756884802
250,4713 Oak Ave,1,28.1475912992895,0,19,27,3,63.20883569340139
251,9036 Main Blvd,0,6.6163411010631945,0,6,18,3,46.14413196510399
252,2485 Willow Rd,0,28.558468145739567,0,6,33,2,64.56517732536541
253,4283 Oak Dr,1,42.92272264692174,0,3,5,3,67.15874269558827
254,5731 Oak Blvd,0,8.253097258200103,0,9,29,2,59.3704442061486
255,7676 Main Blvd,0,47.50427321638623,0,19,15,2,53.29595358697128
256,7778 Main Ln,0,81.21942289492779,0,4,2,0,59.73178224936469
257,3450 Willow Dr,0,85.75378219322589,0,22,19,0,73.91902842607318
258,2237 Birch Ave,1,54.38234254205604,0,6,19,2,60.47824872477887
259,3825 Cedar Dr,1,88.12039366051204,0,10,41,3,66.53590576701359
260,4743 Elm Ln,1,78.60159391456976,0,12,16,3,67.85506238298883
261,7692 Birch Ct,0,45.81078848463983,0,10,92,0,69.70169549761033
262,2240 Main Ct,0,7.224075549314735,0,17,9,1,62.66528857393921
263,5573 Main Ct,0,45.95086745817514,0,9,5,3,60.66943701696237
264,3037 Cedar St,1,95.10738188399417,0,5,11,1,53.52005253270756
265,1608 Birch Rd,0,87.4746844899956,1,17,0,2,63.07313334921646
266,1573 Main Ln,1,24.73322464633181,0,13,54,1,57.60744741141224
267,2832 Pine Ave,0,26.309578906180153,0,13,2,0,54.074509809781446
268,1076 Chestnut Dr,0,87.22276084016973,0,8,18,1,62.00663015784127
269,1049 Oak Rd,1,92.35812858080963,1,10,0,4,64.55828087694482
270,3199 Chestnut Dr,1,66.38023367956089,0,14,8,1,78.36832163029067
271,2055 Cedar Ln,0,69.46822955073273,0,0,39,1,70.39992257335707
272,8688 Cedar Blvd,0,50.8422300422576,0,7,24,1,66.5497547941835
273,7512 Oak St,1,31.774874580037494,0,0,65,3,57.518850898549566
274,5718 Willow Dr,1,19.519076813922652,0,8,38,3,69.00207104748101
275,2060 Pine Ln,0,77.00599191299695,1,4,1,2,77.6071830088955
276,2614 Cedar Ct,0,65.00167439192056,0,4,10,3,66.00114193060855
277,5410 Birch Pl,0,12.950241569802735,1,16,9,1,68.30055810826893
278,675 Maple Rd,1,81.03791106137834,0,14,10,1,75.3164980870463
279,5435 Birch Dr,1,65.39813826215286,0,17,18,1,41.6000125201631
280,5171 Willow Ln,0,38.170968514987315,1,17,3,3,67.7030215681778
281,5332 Cedar Blvd,0,43.26026293742271,1,3,60,4,57.11286387562861
282,6658 Birch Blvd,0,32.9307673753595,0,17,18,1,66.76393108054454
283,3928 Maple St,0,85.92561264754434,0,21,23,0,67.64450331288445
284,8436 Oak Pl,0,5.400173437831413,0,14,4,0,84.00486479538485
285,942 Ash Ave,1,0.6834394105179498,1,18,100,2,57.10101911409105
286,1255 Birch Pl,1,14.661067675849615,1,21,38,0,78.82335856446682
287,9794 Main Pl,1,43.51371243005462,0,21,18,3,62.138580281825604
288,6536 Pine Pl,0,45.03345590411259,0,2,7,6,63.05874198322493
289,2477 Pine Ave,0,76.36319080715646,0,7,28,2,70.97605891869358
290,2361 Chestnut Ave,0,92.60446679660993,1,15,6,4,64.79566447244518
291,5502 Willow St,1,96.5284830947663,0,17,28,0,65.00291229451211
292,9983 Willow Ave,1,46.04919615122694,1,1,1,3,50.82040254069106
293,5147 Birch Blvd,1,37.41924432774986,0,18,54,1,70.55565913414621
294,650 Cedar Pl,1,49.783385584535765,0,3,24,1,62.481380512598825
295,7064 Ash Ct,1,21.81700728806937,0,19,11,1,62.58255129116321
296,7402 Ash Ln,1,36.03617331885479,1,6,3,3,55.140130817314926
297,7622 Elm Ct,0,75.01967502989368,0,9,25,3,61.37693084442197
298,946 Oak Ave,0,88.97344888752853,1,23,32,4,60.99594627511905
299,7858 Maple Rd,0,54.36101485160595,1,17,3,0,74.3130572275625
300,7397 Pine Pl,0,50.47811655032288,1,11,4,0,73.98200356233505
301,6492 Maple Ct,1,48.96515858574462,1,0,6,1,46.6807632453335
302,9708 Elm St,0,17.299899784027584,0,15,38,4,70.83450543269448
303,5382 Maple Ln,1,77.35372725452878,0,13,60,0,68.92994318634949
304,9962 Main St,0,65.86803560451338,0,13,43,4,53.036949524864475
305,5733 Chestnut St,1,78.62279776129361,0,17,36,1,68.48602973471186
306,8078 Birch St,1,41.95333838978581,1,1,4,3,81.67205712412928
307,102 Main St,0,34.423337214674646,1,6,6,3,43.52065002011953
308,4569 Ash Ln,0,26.985255565377354,0,3,13,6,65.02731327334041
309,8590 Pine Ln,1,12.359193137466173,1,11,23,0,68.78799074562701
310,3272 Main Ct,0,32.21121981872794,0,15,14,1,58.22664603041311
311,9586 Main Rd,1,91.26051579016213,1,3,30,2,86.30105312183909
312,3288 Ash Rd,0,0.8263965211438129,0,9,29,1,77.77731887203782
313,3939 Elm St,0,25.66303757027525,0,12,18,1,67.18129603291209
314,8018 Maple St,0,81.24733014386611,0,9,59,3,45.483303307958536
315,6388 Main Dr,1,47.24572895551496,0,5,17,2,68.31735701912164
316,3771 Maple Rd,0,53.958474490042555,0,5,21,1,62.83144175469897
317,4650 Ash Ave,0,42.2740495712113,0,15,34,3,73.60098149966835
318,8776 Ash Dr,0,71.85877684245037,0,15,159,0,51.773548536443144
319,7850 Oak Ct,1,19.28167922135411,0,12,52,2,54.80130690686235
320,6748 Birch Blvd,0,48.13927323921342,1,16,2,2,64.93474504844559
321,6713 Willow Ave,0,11.306480942898943,0,11,29,1,69.57614139920811
322,5209 Pine Ct,0,91.34854223083553,0,5,25,3,68.42534126771564
323,9926 Maple Ave,1,94.00150661741141,0,20,35,2,73.13034973072942
324,7183 Pine Ave,0,58.52398588897345,0,1,45,2,51.78912556084806
325,4759 Birch St,0,78.1795833165114,1,1,29,1,61.651069106270214
326,4266 Chestnut Ct,0,42.805454679433666,0,17,2,3,58.92723004770373
327,2545 Chestnut St,1,55.17721863370693,0,23,5,2,72.78472317911921
328,8116 Willow Ln,0,2.7488716204595254,0,6,2,1,79.48269342885636
329,6501 Elm Ct,1,92.91627549916836,0,19,30,2,69.95997961026089
330,1491 Ash Ln,0,24.15860905053082,0,10,31,4,61.20347697610924
331,3543 Oak Pl,1,85.70472314773568,1,4,4,3,70.35953681690317
332,6695 Main Dr,0,30.301328675452822,0,4,5,4,65.47346903033458
333,5504 Main Rd,1,34.89759948509228,0,16,27,1,60.213064109026305
334,3879 Willow Dr,0,75.61371858464737,0,10,11,2,68.50336429472934
335,5831 Cedar Dr,0,47.05924661900098,0,13,0,3,61.30277505788572
336,621 Main Blvd,1,58.12493391284569,0,18,24,1,61.569123981043134
337,3413 Maple Ln,0,63.504226158147695,0,15,26,2,70.75038908062591
338,2966 Pine Blvd,0,95.55411916626839,0,15,15,1,77.62130628192298
339,3163 Maple St,1,5.44198596934371,1,15,17,1,52.68832312233621
340,3324 Pine Pl,0,70.30280557067002,0,14,30,0,64.93535762663561
341,7511 Pine Rd,0,47.42772101721621,0,12,10,1,69.35347505963114
342,7917 Chestnut Ln,0,67.96968055438137,0,18,20,2,70.7719391379827
343,4183 Birch Rd,0,87.677350874647,0,14,42,0,69.13661698022953
344,5733 Willow Dr,0,23.9446801497583,0,15,118,1,64.90766839475316
345,557 Willow St,0,76.35593403284838,0,8,35,3,72.22244963000884
346,5172 Chestnut Rd,1,35.76391780162296,0,9,59,3,83.41101524857766
347,1385 Elm Ln,1,22.58217815258935,0,6,11,2,67.83779284182218
348,3102 Pine Blvd,0,89.89000358112087,0,2,82,4,66.36357697897797
349,7110 Maple Pl,1,96.63053187923067,0,7,2,5,63.00612899856292
350,9435 Oak Blvd,0,79.21183611769102,0,19,38,0,57.760590828395046
351,5951 Chestnut St,1,33.12549192668307,0,20,31,2,55.392700630762874
352,1255 Ash Rd,1,18.23054043110447,0,10,32,3,81.43947594954446
353,5326 Main Rd,1,31.786665166328675,0,13,51,3,55.86656210584743
354,6638 Willow Rd,0,79.47578652182844,0,7,31,0,73.85435248354358
355,9641 Cedar Blvd,0,1.428784889130097,0,9,10,2,38.268194521693545
356,7035 Pine Blvd,1,3.214010889767749,0,12,33,0,56.8342349629701
357,1544 Willow St,0,64.04960676347903,0,3,10,4,78.56549122402484
358,4676 Ash Ct,1,77.0225022116936,0,23,19,2,68.1865106687763
359,617 Main Ct,0,38.813941765462936,1,6,6,2,61.15312161677888
360,4164 Elm Ct,0,25.53046413212212,1,19,7,4,64.80965394886309
361,2422 Ash Dr,1,28.765461576649,1,4,9,1,68.1453683163098
362,1425 Main Rd,0,84.93475397468595,0,15,94,3,46.00342889232093
363,6580 Elm Ct,0,42.59137373611589,0,15,14,2,64.07095776221081
364,5410 Chestnut Ave,1,61.97508260328958,1,22,2,2,58.27564018849855
365,4066 Ash Dr,1,60.243934414261616,1,23,2,0,68.02710182549029
366,1863 Willow St,0,84.36761577551732,1,17,4,3,64.55366637955238
367,8280 Ash Blvd,0,27.53705005091305,1,8,1,0,69.65088282564597
368,1689 Birch St,0,22.511983298664518,0,20,5,6,68.95777432468526
369,3410 Cedar Ave,0,48.562863031101244,0,17,33,6,70.8304666470249
370,8913 Maple St,0,3.369672184858552,0,17,62,1,53.84553207356631
371,368 Chestnut Ct,0,93.54036703548672,0,9,32,1,40.57039707367139
372,1474 Maple Ct,0,81.5416689732436,0,8,59,2,77.82342308023982
373,4810 Ash Ct,0,5.115595594077593,0,11,36,1,57.105273251208224
374,6937 Pine Blvd,1,83.48397300110098,0,7,1,2,60.6193753007867
375,3048 Chestnut Pl,0,67.88350380646395,0,13,38,1,69.23111115760099
376,7801 Elm Dr,1,93.70806676816132,0,20,28,3,76.92331087512174
377,111 Birch Ct,1,1.2652461681190386,1,6,21,1,56.665133446494686
378,6419 Elm Dr,0,39.68875437381685,0,23,20,1,58.70231155642148
379,1240 Ash Blvd,1,63.25581373753857,0,22,27,3,61.663713802305864
380,4234 Maple Rd,0,7.57955234782176,0,5,23,1,66.08091837814676
381,8576 Maple Pl,1,61.39024830576096,0,18,36,0,74.3272027382795
382,9648 Chestnut Rd,0,7.637008159199931,1,3,91,1,73.44628050747127
383,2357 Willow Ct,0,54.12857690027902,0,14,49,2,58.96275165162173
384,9012 Maple St,0,17.387216006610718,0,16,89,1,49.567038840885246
385,195 Ash Ln,1,90.29879753251218,1,5,4,0,48.26681646403556
386,5494 Cedar Dr,1,63.47514317857262,0,16,7,3,61.424620732102554
387,8328 Pine Ave,0,17.54648169190711,1,2,23,0,75.62917637918605
388,9374 Ash Blvd,0,1.2759936587627863,1,3,27,2,57.115333909949705
389,2859 Chestnut Blvd,0,61.76729053251869,1,1,0,1,52.446725158488505
390,796 Birch Pl,1,0.3768483704421399,1,3,25,1,63.97842349238269
391,5688 Cedar Ln,1,37.38053174607081,0,22,7,0,80.4285898043065
392,9066 Chestnut Pl,0,22.344585195623225,0,18,42,1,55.57360657668582
393,8141 Willow Ln,0,31.65857565747364,0,11,1,2,72.84517910509415
394,5232 Main Ave,1,89.81747820830323,0,20,5,1,70.6247370704822
395,3149 Ash Ct,0,59.660572433127236,1,21,3,1,46.55531139786175
396,6339 Ash Dr,0,74.42665543228775,0,20,23,3,65.12169782876495
397,3481 Oak Ct,1,83.02570595746691,0,11,33,5,47.33740955245432
398,8285 Chestnut Pl,0,43.821717244184946,0,13,33,2,76.20793343237438
399,1023 Pine Ct,0,1.456540705405962,0,14,16,1,78.34899495376145
400,333 Ash Ct,0,36.580518535179905,0,10,28,2,84.21202020414923
401,4421 Willow Ave,0,37.53819123206436,1,7,5,2,61.10370164045705
402,2913 Main Blvd,0,32.07781292743464,0,5,5,6,71.51607984590345
403,8123 Chestnut St,1,43.163339203919804,0,17,24,2,74.58063120492017
404,5803 Main Blvd,0,23.519722210018614,1,9,6,1,94.7177335480804
405,9547 Ash St,0,72.1221223278787,0,11,75,1,67.03040847082382
406,4180 Willow Ln,1,99.49068358945011,0,15,77,4,62.186688989220166
407,2918 Pine Ave,0,21.028569584656452,1,19,0,1,67.6446016615151
408,4946 Birch Ct,1,39.08403572734957,1,1,57,3,56.83849381475981
409,3319 Cedar Blvd,1,49.66164090008576,0,16,1,3,61.22868575481028
410,3983 Ash Blvd,0,4.508414895627988,0,10,2,2,63.99917638700945
411,6447 Ash Ave,1,2.2997330228367585,1,13,31,0,67.58126155108103
412,3274 Willow St,1,36.320452757322016,1,8,0,1,73.05970085787675
413,287 Ash Ave,0,11.99913651627169,0,12,46,0,66.87683685024832
414,5716 Ash Blvd,0,27.833545340024823,0,8,26,2,72.08630650936458
415,8331 Chestnut Ave,1,67.50175780891087,0,8,23,1,69.54033121169668
416,5935 Ash Dr,1,13.950560787753918,0,1,28,1,80.62759928805617
417,4579 Ash Ln,1,96.45572969523958,0,5,35,1,71.2529851716983
418,2737 Elm Rd,1,80.42183416171078,0,12,39,0,53.770772069072166
419,1326 Pine St,0,41.13100265922063,1,23,18,0,66.19854148253444
420,5410 Main Rd,0,19.118558540606955,0,14,36,4,72.35918370722246
421,5412 Elm Rd,0,50.92691438470977,0,21,29,1,60.33328984969427
422,6442 Oak Blvd,0,90.33800964950078,0,1,34,3,53.065875526990055
423,3038 Cedar Pl,0,83.58989377866975,1,2,22,2,69.09252361970033
424,7032 Chestnut Ct,0,24.451227509602568,0,23,47,1,77.73415553097378
425,6013 Ash Ln,0,84.43587373928331,0,17,0,1,63.72610133759156
426,7100 Oak St,0,37.311878799904186,0,20,5,3,66.34851722383593
427,599 Pine Rd,1,22.30284574707513,0,16,17,1,59.9058010583456
428,6683 Ash Dr,1,83.63972902478136,0,9,58,3,51.91881573574675
429,4299 Main Pl,1,32.408567391913955,0,12,27,4,58.35304927781461
430,5402 Main Pl,0,64.09343566276303,0,2,106,0,46.39723898559899
431,3191 Elm Ct,0,25.148516863231695,0,21,1,3,52.84431039457793
432,9111 Main Rd,0,12.82008691105193,0,9,11,2,57.73026170996501
433,760 Oak Pl,1,19.169601165627924,1,18,5,1,61.44669544945727
434,8583 Willow Pl,0,55.891013143987635,0,1,24,4,73.4922636942162
435,3627 Main Dr,0,55.8502977940642,0,22,51,0,55.271633299152356
436,9135 Oak St,0,82.07692731343107,0,11,11,1,50.911108205717746
437,5133 Birch Blvd,0,15.517115353460454,0,16,15,1,73.61822609675674
438,6920 Willow Rd,0,49.232875300762835,0,3,19,5,77.5022081343519
439,3045 Cedar Rd,0,63.030874221946455,0,17,44,1,49.41876736426142
440,8864 Cedar Ave,1,66.32578530943078,0,4,17,3,69.32321866084028
441,379 Main Ln,0,77.7823552367964,0,9,6,3,58.48084223891219
442,792 Birch Pl,0,14.30347551440886,1,10,8,0,58.94918318109124
443,7325 Oak St,1,73.4479104042934,0,6,4,5,61.411741934722436
444,5936 Cedar Rd,0,37.32978368171466,1,9,8,3,66.93178363576313
445,8035 Pine Rd,0,16.786736717098393,1,22,0,1,60.40863452266148
446,3791 Birch Ct,0,42.16804340719554,0,16,67,3,65.35473359872175
447,7679 Pine St,0,38.40266059821344,1,4,68,2,56.21910659261993
448,4714 Chestnut Ct,0,82.89024422502548,0,19,24,3,49.65722009225226
449,9891 Birch Ave,0,62.94296093464485,1,1,37,2,57.37754951389124
450,4623 Pine Rd,0,51.678447257526315,0,7,8,0,77.83735153225545
451,9112 Cedar Rd,1,21.297109992971475,0,17,1,0,65.70062684616263
452,2969 Cedar Ln,0,12.696495265896724,0,7,5,2,46.9018977203465
453,8850 Elm Pl,1,8.179384933736467,1,2,43,2,62.626743871204816
454,1437 Birch Pl,1,80.59203439986436,0,14,22,1,68.10550329568615
455,6049 Birch Ct,0,52.69106448624128,0,9,14,4,61.9005691664375
456,6201 Ash Ave,1,54.661732404556695,0,13,29,2,55.450418997380474
457,8860 Maple Ct,0,73.13458720566352,0,20,73,1,70.68286175385727
458,6911 Main St,0,52.23262579532943,1,19,7,2,71.05424981924962
459,1482 Chestnut Ave,1,56.187983706353975,0,8,12,1,57.910046232131734
460,3900 Willow Ln,0,46.36627042407755,1,22,0,3,68.28358223029788
461,9066 Main Pl,1,20.150950561027948,1,2,20,5,61.141369358970124
462,9471 Cedar Pl,1,83.44424832336027,0,12,1,6,47.279220122124435
463,2761 Chestnut Dr,1,78.83824512879067,0,6,37,1,56.80062534923781
464,5572 Maple Ln,1,2.8470565587448315,1,5,25,2,68.14142368469236
465,5498 Pine Blvd,1,29.469075062194182,0,22,103,2,57.46812605291496
466,916 Elm Ct,0,19.375533686657853,0,16,25,0,73.15415385946434
467,4296 Ash Rd,0,19.447044676100024,1,0,31,1,60.874726182210054
468,7270 Chestnut Ave,0,61.290254203125905,0,17,6,1,61.298498949708204
469,1535 Main Ave,1,52.0393827573712,1,22,9,4,68.77684415008498
470,9649 Pine Ave,0,73.6869368324841,0,6,57,2,71.85808363515346
471,618 Elm Rd,0,69.81325507034796,0,9,22,2,67.45618249652634
472,2398 Oak Dr,0,39.92522866354024,1,8,5,2,53.69739632578842
473,9511 Main Pl,0,49.75973384384277,1,14,9,1,63.83853099700383
474,2560 Pine Ln,0,67.02407809560566,1,9,0,2,71.6534690704572
475,1379 Birch Ct,1,79.62691273458476,0,13,42,2,62.1341948976155
476,3971 Chestnut St,0,13.467805142015354,0,16,14,0,61.09001908917507
477,9803 Birch Blvd,0,78.90433039086874,0,22,20,1,60.743646688183766
478,7935 Main Ave,0,68.54187003950092,1,1,35,1,73.37495699951499
479,4318 Oak Dr,0,6.81027877752719,1,6,8,1,66.06360736985867
480,9875 Oak Rd,1,31.792908636598906,0,12,26,3,60.89809235411056
481,9508 Pine Blvd,0,4.014356138746955,0,16,1,2,57.81767026029836
482,4259 Main Blvd,1,47.88953027090197,1,14,1,1,55.799263301028
483,4246 Cedar Rd,1,5.998425091797765,1,23,21,1,67.6796469281286
484,6890 Cedar Pl,0,37.86987884559294,0,9,58,4,62.754030844052984
485,2356 Ash Rd,0,22.440277606295766,1,22,77,0,79.98364211111304
486,9189 Birch St,0,42.51658236826725,0,13,51,2,72.64826962787515
487,118 Ash Ave,0,45.600112612985214,0,18,12,4,69.9341156488058
488,3301 Chestnut Ave,1,30.609790757261212,0,0,29,1,51.17936641410794
489,9523 Main Ct,0,38.75735193335213,0,17,12,1,61.130748388732435
490,4578 Oak Dr,0,46.85667750170249,1,11,7,3,67.9021052411513
491,8374 Chestnut Rd,0,50.44332775684829,1,0,31,0,45.81147967906273
492,6997 Birch Ln,0,43.3604932642634,1,0,0,3,61.397240107867205
493,7857 Oak Rd,0,4.6593389312237115,1,0,13,1,61.77003853801212
494,6830 Chestnut St,0,48.015481508504585,0,16,4,0,62.68774541873077
495,8496 Main St,1,17.741958413842084,0,17,55,4,79.84116841061099
496,776 Maple Dr,0,62.50541662264146,0,6,14,4,60.515507680070876
497,8063 Maple Ave,1,27.718659277377146,0,22,43,1,60.09413251466048
498,5761 Pine St,0,57.269941154652315,1,0,62,1,58.29117528205451
499,5989 Chestnut Rd,0,77.83137607197395,1,10,0,1,74.49317587483073
500,1719 Ash Dr,1,74.0197161880046,0,22,24,0,56.63822591638701
501,9367 Oak Pl,0,57.70821460416996,0,8,20,0,66.37423326484291
502,6535 Willow Dr,0,96.74691678518309,0,10,24,2,73.1846264622077
503,2772 Chestnut Ln,0,91.30889298531373,0,13,74,5,57.617803269240184
504,7724 Pine St,0,88.36292442996032,0,9,2,3,50.00400315997676
505,6918 Main Blvd,0,70.94110349231542,0,6,43,1,55.80814175724477
506,2703 Ash Ln,0,93.93454598885877,1,3,25,5,71.92493381580425
507,9762 Elm Dr,1,93.08695589876803,1,11,6,2,53.51864278168085
508,7249 Pine Ave,0,70.64484622160931,1,0,78,1,51.322755006917845
509,312 Ash Rd,0,90.74675841087267,0,13,44,2,70.74458531769201
510,396 Willow Pl,0,21.710622236361154,0,7,20,3,65.61488667925708
511,931 Ash Ln,0,9.003631755092522,0,18,23,2,63.65693621606122
512,802 Maple Ct,1,66.7759381702674,0,10,22,1,69.19892174439764
513,1512 Maple St,0,64.93981315251841,0,1,1,0,70.90721178221875
514,849 Main Ln,0,50.09060208022944,0,12,78,3,73.18109794472711
515,2512 Birch Pl,1,54.76282366349577,0,0,26,1,69.80048499546886
516,2717 Oak Blvd,1,4.535460081964493,0,0,55,7,67.89312385315235
517,513 Elm Ct,0,75.9240264702265,0,21,2,1,72.841893188005
518,249 Pine Ln,0,27.022036333019795,0,6,46,2,74.56326532421554
519,3436 Maple Ave,0,78.38970708390065,1,2,35,4,49.70730682029366
520,4474 Oak Ln,1,23.450544484165004,0,15,1,0,56.718374016374014
521,8848 Birch Ct,1,58.15665002933117,1,23,0,3,74.64323037142307
522,5099 Main Rd,1,81.19690253913984,0,9,25,3,75.72108379804862
523,7354 Willow St,1,37.23943736866857,0,4,23,1,76.37716908577829
524,3936 Ash Dr,1,25.78845300506567,0,10,58,0,57.8973553834481
525,1181 Birch Dr,1,5.850106971963099,1,3,24,1,76.74230726611792
526,2505 Willow Rd,0,90.27258306924772,0,14,8,3,65.53104021609542
527,4511 Chestnut Ln,0,15.306431089190763,0,4,29,2,48.45834640820784
528,7440 Pine Pl,1,2.5145623345618207,1,18,28,3,76.62131885098727
529,839 Elm Rd,0,33.668290090766604,0,23,56,3,69.86732793510791
530,846 Elm Blvd,0,79.58052307919954,0,11,52,3,64.60215282304998
531,5832 Birch Ln,1,88.83200841431172,0,0,24,3,65.51404404607038
532,1979 Oak Dr,0,37.15326223879989,0,9,46,3,53.393418917553035
533,9836 Main Ct,0,13.869726205291933,0,1,77,1,69.85866220955273
534,7182 Oak Pl,0,33.74569379717719,0,2,61,2,53.37639382288815
535,2418 Ash Ave,1,85.48824894179128,0,3,5,2,58.76599576755495
536,8382 Oak Rd,1,95.87503873833026,0,5,18,3,57.951959819327186
537,5341 Birch Ln,0,54.03805892763949,0,2,14,5,82.60552839700057
538,2693 Oak Pl,1,4.417903602057683,1,17,29,3,63.920404307606496
539,1158 Cedar Dr,0,27.89965980096538,0,15,28,2,75.74327885254083
540,1413 Main Rd,0,37.64494168927808,0,20,60,0,73.37163057215822
541,9950 Oak Ln,1,54.2956102998954,0,12,7,4,53.93097653208576
542,7389 Willow Dr,0,91.84440737525097,0,4,80,0,45.184803234682164
543,9760 Main St,1,87.39041678747274,0,10,10,2,62.942183797064246
544,1477 Ash Ct,0,40.93370754681666,1,6,1,2,71.0142010353763
545,1467 Oak Pl,0,4.6540575578211225,1,0,3,0,63.817893205938816
546,8015 Birch St,1,44.1978343375703,1,1,1,2,79.7053777212756
547,7882 Oak Pl,1,85.45886143697902,0,15,1,1,52.36902897168788
548,8926 Willow Ct,1,0.8457514171921976,1,7,7,2,90.06544380069712
549,7631 Birch Ln,1,37.93488923178432,0,19,36,1,57.56955183271585
550,8220 Willow Ln,0,59.764226899251035,0,20,53,2,70.21616291484807
551,6817 Ash Blvd,0,38.77020480500322,0,22,52,2,85.75908317699228
552,7047 Pine Rd,0,62.278015621248294,0,15,35,3,70.36866691464351
553,6786 Cedar Ave,0,98.15144084636688,0,20,10,4,65.2913167649104
554,2076 Maple Rd,0,84.9649032173348,0,17,24,0,55.19036297267324
555,2828 Maple Dr,1,24.363339258250804,0,9,39,1,82.22790351959624
556,1519 Elm Blvd,1,63.53674424632241,0,22,37,1,65.28056919293648
557,867 Willow Pl,0,55.62846939923016,0,20,33,2,60.472076648007416
558,7464 Birch St,0,0.5334597291470788,0,13,12,3,64.30187896388
559,2725 Chestnut Dr,1,77.02537939517859,0,0,7,6,70.93496257891667
560,8231 Elm Ct,0,69.93430126538941,0,9,49,2,55.770577120954016
561,6975 Oak Rd,1,88.09940582977696,0,21,4,1,59.24420763541022
562,3092 Chestnut Ct,1,95.911808494997,0,20,33,2,64.74349119945423
563,2447 Chestnut Ave,0,21.394411047896224,0,3,1,2,58.00506311102788
564,9444 Chestnut Pl,0,91.68410697355652,1,19,4,1,55.07610267780858
565,846 Ash Ct,0,18.539184554587784,0,19,20,1,68.1655206654685
566,864 Birch Ln,0,64.41163594088923,0,14,51,3,72.85518245581684
567,2507 Pine Rd,1,89.17857813625633,0,20,14,1,38.23107022098167
568,2844 Birch St,0,95.95905996318388,0,18,61,1,57.592785038421454
569,4444 Oak Rd,1,11.678397855048628,1,8,75,0,56.29047433036163
570,730 Ash St,0,67.31629935789039,0,10,8,2,61.189165785114284
571,4058 Willow Ln,1,83.25567362842634,0,14,43,1,76.25316223687452
572,1152 Willow Pl,1,1.5124118651489438,1,18,1,2,66.43652152990232
573,1200 Pine Ln,0,70.09240328429419,0,9,0,4,46.69475172210481
574,8772 Oak Blvd,1,24.915223547890207,0,10,14,5,67.33771153390751
575,482 Cedar Ct,1,20.080964241843034,0,3,14,2,70.61365155899125
576,7530 Chestnut Rd,1,93.24150140297886,0,0,9,1,57.541201748751554
577,8705 Elm Dr,0,0.27289917183919155,0,21,31,1,55.75882872511709
578,1940 Oak Ct,1,85.93517073632006,1,3,7,2,60.584632280697356
579,9912 Pine Rd,0,91.72328099204263,0,15,45,5,74.8508239491361
580,8030 Chestnut Dr,0,67.77652913778743,0,21,8,1,70.38491211057818
581,292 Elm Pl,0,85.89152850082387,0,16,26,3,68.32819380845922
582,6564 Chestnut Ct,1,62.4873063690659,0,6,20,2,99.71870461721657
583,8356 Elm St,0,3.965257405806244,1,22,31,0,65.70581040059889
584,2239 Birch Blvd,1,80.30383012777132,1,4,59,0,75.29281125115898
585,2962 Maple Ln,0,13.398671275875106,1,12,6,1,56.73557507376023
586,9377 Main Ct,1,87.21530009424731,0,16,0,3,57.28761642569998
587,2009 Main Blvd,1,23.941504665714575,0,20,16,1,77.08308994688224
588,8380 Cedar Rd,0,9.206298985575568,0,14,38,0,79.82298096597583
589,847 Birch Blvd,1,40.759274140761356,1,1,8,1,49.14172030721183
590,6595 Pine Ave,1,52.0916040604378,0,16,55,6,71.23112529061106
591,128 Cedar Pl,0,52.02376162748209,0,0,68,1,63.87993737918213
592,2988 Main St,1,97.89406718409145,0,3,17,1,67.81408938776093
593,6480 Main Dr,1,10.1520080515908,1,11,34,0,62.544277495585675
594,9107 Maple Blvd,1,5.120328726984569,0,3,82,3,62.277908920163014
595,2206 Cedar Pl,0,84.19242248512646,1,6,2,3,56.72813417619428
596,8963 Birch Blvd,0,99.20793578492213,0,9,88,0,59.407226579172864
597,3281 Main St,0,98.26204260845344,0,19,97,4,65.18530122015235
598,269 Willow St,0,43.20289556867192,0,20,17,0,57.80004332946862
599,5396 Willow Dr,0,93.8940458468689,0,18,70,3,63.21500235903995
600,6176 Ash St,1,44.49066155909033,0,16,73,2,79.80682493346269
601,3511 Oak Ln,0,79.80140622271462,0,21,2,2,63.06430239064344
602,1482 Birch Ave,1,32.04365668256193,0,5,66,2,57.37335829796402
603,6900 Chestnut Ct,0,20.317845436267913,0,9,28,2,65.32880943902477
604,4607 Ash Ln,0,90.87819202610333,0,9,16,5,74.91834145860771
605,9062 Willow Dr,1,11.068702102111116,0,7,19,2,64.81269129611384
606,6539 Oak Blvd,1,80.05995650907204,0,18,74,2,55.976352414480175
607,3402 Elm Pl,1,71.75061013419175,0,3,26,2,76.65517256872252
608,8035 Cedar Blvd,1,19.97619849640946,1,16,11,1,41.0510870838617
609,9251 Birch Ct,1,31.860257932633495,1,9,5,4,52.738684819535635
610,3456 Main Rd,0,71.24256116350493,1,7,4,3,60.042388923539306
611,4128 Ash Dr,1,74.72001041602404,1,0,64,1,77.25498707165686
612,3420 Pine Rd,0,49.15028036838295,1,5,9,0,74.98240258981005
613,7137 Elm St,1,77.76902178302798,0,9,43,4,79.05168495689742
614,8615 Birch Ln,1,44.853145282106766,0,1,22,1,64.8187147966555
615,2898 Oak Dr,1,21.346883731192545,1,3,0,1,66.87643921451678
616,2841 Main Dr,0,8.516275512479831,0,6,21,1,81.30923146313367
617,1786 Pine Blvd,0,36.75279887857039,0,13,109,1,51.654876326441396
618,9642 Main Ct,1,88.2305971552266,0,11,14,1,81.01250642551173
619,3141 Pine Rd,1,32.888718555613714,0,20,49,5,70.25314122229072
620,3249 Chestnut Rd,0,39.09030182372977,0,8,32,1,67.61814114208762
621,1353 Elm Blvd,1,15.128841611413712,0,13,22,1,56.63642492975324
622,2089 Oak Pl,1,12.136523618090433,0,4,17,4,67.82388532659365
623,1653 Cedar Pl,0,46.073493489013785,0,13,0,1,50.79224482901395
624,5677 Cedar Pl,1,31.825073176827225,0,20,50,3,65.45686994039335
625,7535 Ash Dr,1,49.32831356310344,0,10,31,2,75.4298715920937
626,4959 Main Blvd,0,6.202119079751977,0,0,15,0,58.05902531790968
627,2925 Main Dr,1,32.4131610554542,1,1,35,2,64.33444090060357
628,4393 Pine Dr,0,1.3396508901635684,1,7,5,1,57.20022249502534
629,6104 Pine Rd,0,42.143337726242095,0,20,23,1,50.50645384843955
630,7290 Maple Blvd,1,31.695814627227172,1,11,0,1,66.24390362095016
631,7949 Maple Ln,0,86.00794646006226,0,5,24,5,75.03258366179543
632,7133 Elm Pl,1,20.652265624368248,0,17,31,2,56.10191577806799
633,2706 Main Rd,0,31.94400661953368,0,5,77,3,72.38338367414258
634,7516 Elm Ct,0,81.41329813435773,1,13,6,3,67.73025367066796
635,7496 Ash St,1,33.25926936049456,0,11,10,2,58.18571926585331
636,9530 Cedar Blvd,0,19.836356745696627,0,18,12,1,74.62690267743858
637,1529 Oak Blvd,0,37.65646557764144,0,17,29,0,83.91503462158248
638,1147 Birch Ln,0,56.30363654400475,0,18,21,3,65.61618337030193
639,2171 Birch Rd,0,38.64191277847658,1,0,76,4,63.02823886807603
640,9563 Oak Ln,1,68.54354357926337,0,6,10,2,62.5539978833406
641,1857 Elm Ave,0,20.727642537313507,0,17,29,1,52.868755905571064
642,6046 Maple Pl,1,21.995256685586483,0,5,11,1,52.77604877176876
643,1782 Birch Dr,0,5.002260043399842,0,15,53,1,76.25747012429838
644,2583 Pine Ln,1,15.151962089922256,1,22,16,2,58.36142723610018
645,6690 Cedar Blvd,1,76.34741509815424,0,17,35,1,56.019259393517565
646,9891 Chestnut Ct,1,39.9012780465262,0,10,68,3,60.105012831192546
647,8546 Birch Dr,0,95.28542554267877,0,15,41,0,62.35527820796881
648,1559 Chestnut St,0,48.748304883123836,0,14,51,0,73.53223176471685
649,3990 Cedar St,0,6.267265925314303,1,3,17,2,85.28883686469521
650,2731 Oak St,0,66.0784627165908,0,15,12,1,74.8542169195756
651,6997 Chestnut Rd,0,86.65278411383763,0,18,45,2,68.49978355297023
652,7055 Elm Ct,1,45.20555906134681,1,0,27,3,69.1909176486738
653,4147 Willow Ct,1,36.00715159950353,1,16,0,3,68.09808607875138
654,2832 Pine Ave,1,23.802951183356335,0,17,11,3,62.55745577623318
655,5680 Ash Ln,1,1.3966737090490455,1,6,78,1,49.955433003345
656,6967 Oak Pl,0,78.0218249394945,0,8,164,1,81.16288190997571
657,2583 Pine Ct,0,69.970903090498,0,13,33,3,46.74763365004052
658,2273 Oak Ave,1,44.753022525977094,0,20,0,2,53.7354789014786
659,2547 Willow Ave,1,41.30944325238743,1,12,0,0,67.08689706624236
660,1844 Cedar Pl,0,31.768231135076253,0,14,38,1,71.05011277278744
661,8991 Birch Ave,0,59.880316165157375,0,13,41,1,84.94559097943747
662,7462 Birch Ct,0,47.11164110692144,0,11,47,3,48.356367212249836
663,9323 Oak Ct,0,78.05643947641526,1,22,16,1,79.86783866957414
664,9863 Chestnut Ct,1,96.32691886895267,0,10,18,1,64.77968936131604
665,6582 Maple Pl,1,92.64475283629106,0,8,28,3,63.91430124043456
666,5914 Oak Pl,0,75.47954599065837,0,22,17,4,54.528134243963024
667,3983 Chestnut Dr,1,93.66879817586117,1,18,6,3,70.34888144585925
668,8745 Pine St,1,37.68589233023006,0,12,57,2,64.49834738985336
669,9959 Willow St,0,33.35033296770092,1,7,7,3,66.96572188002972
670,9290 Pine Ct,0,38.94956962210704,0,12,10,2,77.58633349746009
671,9461 Ash Ave,0,28.371606151754246,0,18,18,2,56.820141767682486
672,9730 Maple Ave,0,15.737469934968962,0,18,16,2,59.321069723772254
673,1310 Chestnut Rd,0,8.802732469676222,0,2,12,1,65.52114863126863
674,5448 Cedar Ave,1,62.0735548924359,1,12,2,2,62.02212923568672
675,4486 Maple Blvd,0,14.618197115019383,0,17,10,2,70.59437520700745
676,5385 Pine Ln,0,55.58420838390001,0,3,67,1,72.78124038236339
677,7015 Main Ct,1,35.05571710968233,1,1,18,1,68.51330331357872
678,8153 Chestnut Dr,0,9.969257057755366,0,4,33,4,50.03774905174046
679,874 Maple Rd,0,97.51046648737312,1,3,4,3,78.37404703573993
680,6208 Ash Rd,0,77.72690703188118,0,5,49,1,38.170227482935275
681,2572 Elm Ln,1,3.746131439969891,1,11,69,1,68.32017789013175
682,8128 Cedar Dr,0,84.69123625555994,0,20,24,2,79.47943783555543
683,9970 Ash Blvd,1,8.879721342004599,1,4,10,2,79.46163262746603
684,3570 Elm Rd,0,60.82898346130209,0,23,27,4,64.94062245571618
685,526 Birch Ct,1,78.16066871999448,0,10,85,2,68.88344481670221
686,598 Maple Blvd,1,37.182584855481494,0,11,44,1,70.13929258717761
687,453 Willow Ave,1,91.45364515735841,0,15,82,1,65.31143731373008
688,1768 Elm Rd,1,47.7683274100252,1,12,1,4,52.226779303922974
689,666 Main Blvd,1,85.5161822681527,1,15,0,1,63.71660857452484
690,9354 Main Pl,0,46.02491670805596,0,14,33,2,64.98586134476139
691,9275 Elm Ln,0,66.61750138459014,1,8,9,3,72.47153465835692
692,4806 Ash Blvd,0,51.10918105083064,0,14,37,5,58.135887718206995
693,3338 Elm Dr,1,42.1392029537294,0,19,51,0,71.44359840607892
694,4326 Pine Blvd,0,84.15258675645373,1,4,21,0,68.03643549010116
695,3700 Main Rd,1,63.070559627391965,1,1,7,2,61.991225035102666
696,5426 Oak St,1,8.949819348675526,0,4,13,5,68.47808372448345
697,4393 Birch Ln,0,62.95521208937743,1,22,25,1,55.31942775480223
698,4286 Pine Ct,0,75.41265827350735,1,3,2,3,58.420039032487225
699,1840 Elm Blvd,1,53.839503495104324,0,3,10,3,53.375589976171625
700,4500 Elm Ln,1,17.207549459756443,0,11,28,2,65.17182547824906
701,2145 Ash St,0,92.19113741770637,1,11,8,1,73.12873258583483
702,273 Elm Rd,1,97.09717045446247,0,15,34,3,70.32951132988211
703,5793 Oak Blvd,0,54.03776339050661,0,22,21,0,44.01975965503833
704,8462 Willow Ln,0,24.21812714963869,1,3,74,1,60.06906388866838
705,5884 Pine Ct,0,4.141277551546652,0,6,18,0,60.08122498016239
706,6710 Oak Pl,0,49.12311829942927,0,7,34,3,72.67742578078847
707,5569 Main Pl,1,63.72846581894894,1,0,14,1,56.52631330144196
708,8532 Oak Blvd,1,21.778925955003313,0,8,29,1,79.53725106088653
709,9859 Chestnut Pl,1,97.1902813805324,0,8,23,3,56.86638666425701
710,2248 Oak Ct,1,88.37473875876493,0,20,62,1,71.51976758780249
711,600 Birch Ln,0,71.78027807800274,1,2,23,2,65.45119191500524
712,9837 Elm Ave,1,64.51483736456784,0,7,18,1,64.93688195234323
713,3701 Main Pl,0,8.565698145041978,0,15,8,0,68.23339768382591
714,3209 Cedar Rd,0,6.376590625076006,1,0,19,2,67.25780598770508
715,3753 Oak Rd,1,39.40432824855763,0,6,51,1,81.56587197314366
716,2842 Cedar Ave,0,81.23575543208548,0,3,66,3,74.03243095883528
717,842 Birch St,0,43.130902404314675,0,13,10,2,69.95431890418334
718,3429 Oak Ct,0,48.92319031157447,0,16,34,2,72.09203331537181
719,3132 Ash Blvd,0,99.48137159284484,1,4,35,3,61.482602828303534
720,2242 Pine Dr,0,60.433898865314276,0,22,84,0,60.164093793560625
721,736 Elm Pl,0,22.348525976271063,0,21,30,3,69.65967390736714
722,7366 Cedar St,0,94.78625041564852,0,17,57,1,72.91216157867747
723,7641 Maple St,1,50.67849340129689,0,13,12,0,75.93876555290196
724,9498 Elm Blvd,1,75.64972791298847,1,4,1,1,70.97478013139559
725,6486 Elm Ln,1,4.7903046613090865,1,11,27,3,72.2509617188601
726,8631 Oak St,0,30.2140442870764,0,12,4,0,74.7332283869212
727,1906 Birch St,0,97.84685224794636,0,13,2,3,74.36155161565706
728,9056 Maple Ct,0,27.586937183990567,0,19,19,2,73.77397206294341
729,5095 Oak Ave,0,8.14816352679082,0,15,20,5,75.90382205603115
730,8404 Maple Dr,0,16.798488727411033,0,14,11,0,59.11373106375834
731,2761 Ash St,1,44.52313040958769,0,18,34,5,57.39344705270662
732,5725 Willow Ln,0,42.34108648960727,1,1,9,1,70.8552766397599
733,7607 Birch Ln,0,22.55553868443335,0,3,4,0,60.78711172018103
734,847 Ash St,1,88.42323569366143,0,12,29,0,66.17919057984649
735,5162 Oak Dr,0,61.444855823755105,0,15,163,4,40.213659094334005
736,3270 Maple Rd,1,55.09998812265928,1,0,9,2,51.38850029539917
737,2347 Main Ln,0,21.360534965654644,0,18,34,2,57.79930530369121
738,7330 Chestnut Rd,1,51.54631780643507,0,6,5,5,71.2853448315765
739,900 Oak Ct,0,38.760890486536795,0,18,10,2,77.50631666410929
740,2733 Birch Ct,0,33.71839726358221,0,14,18,2,68.34439376307043
741,3391 Main Rd,1,29.080898996898764,0,2,30,3,58.24449381568448
742,7187 Pine Pl,0,89.92453429081876,1,17,2,4,70.99294195709393
743,6833 Main Ln,0,91.90679978001195,1,1,10,0,42.764089338961966
744,6156 Elm Ave,0,93.87309199621292,0,17,68,1,42.73441755177435
745,8788 Willow Ave,1,75.2684824632205,1,1,106,1,50.03204463600742
746,2112 Ash Pl,1,73.9010182073116,0,11,33,2,69.28478285548118
747,3308 Pine Pl,1,40.729708831106315,0,11,7,2,60.28137797582731
748,2864 Main Pl,1,72.37996808078864,0,8,12,3,76.22833203641599
749,706 Main Ln,1,39.77978365306101,1,23,91,1,67.48296673972767
750,6318 Oak Dr,1,94.47044709461086,0,10,46,1,64.57234135097613
751,4987 Cedar Dr,1,91.82598296995059,0,8,36,1,74.22495827922857
752,2160 Chestnut Dr,1,16.60628122044653,1,6,15,0,57.62306318733795
753,6673 Oak Rd,0,6.697901995834899,0,4,31,3,75.64469196381023
754,9961 Ash Ave,1,52.69396231411777,1,7,2,0,60.10771183788456
755,8643 Pine Rd,0,36.654388892833914,0,6,66,2,75.22016938824589
756,1859 Willow Ave,0,46.302082457548735,0,22,11,1,60.68587143230482
757,5361 Elm Pl,1,24.90606857951484,0,15,41,1,70.54582914439705
758,4720 Willow St,0,86.29682779958952,0,3,23,0,73.0607613593293
759,5394 Ash Ct,0,33.70354646109266,0,23,11,3,64.18580995589062
760,186 Ash Blvd,1,14.091993797221658,1,11,6,2,52.38449460644004
761,8814 Chestnut Blvd,0,42.924752492321886,0,5,26,6,68.30395830875578
762,5624 Willow St,1,34.74589593143258,1,8,9,1,74.49483566776675
763,8279 Maple Dr,1,77.4962485586189,0,21,14,1,66.64771592662495
764,1069 Pine Pl,0,46.40516087717713,0,15,21,0,73.45399239212995
765,8302 Chestnut St,0,47.62137840266971,0,9,9,3,86.16475272886991
766,4052 Ash Blvd,1,88.9689229259676,0,19,7,2,81.70548048375724
767,9873 Main Rd,0,0.487433088946565,0,0,47,5,74.98241783186478
768,1419 Main Ct,1,24.333907921632946,0,12,114,3,71.88386286147963
769,3079 Chestnut St,0,4.891684163048038,0,10,84,2,56.28055318433271
770,899 Chestnut Ave,0,19.99315048085827,0,9,70,0,82.66398662578264
771,6655 Birch Ct,0,68.44456394841009,0,5,0,2,69.6105021011663
772,9649 Willow Ct,0,41.328898784075975,0,14,87,2,59.65346668004454
773,1583 Main Ln,1,66.59272397948442,0,7,52,1,58.16941918956434
774,748 Birch Ln,1,10.19483666484281,1,0,6,2,72.43927599800371
775,8987 Maple Ave,1,71.49855300902243,0,1,1,3,62.70689856929834
776,9161 Oak Blvd,0,12.303505872111254,0,6,70,2,51.266034690198815
777,4411 Elm Dr,0,58.47569544338613,0,8,13,3,55.02785925368549
778,6904 Chestnut Ln,0,85.19734324529443,0,17,105,3,75.9974064144788
779,1069 Pine Blvd,0,97.6748520887814,0,20,12,1,46.15132335114011
780,2332 Maple Ct,0,92.75118579044332,1,3,47,1,57.55861755835291
781,1986 Pine Pl,0,64.19811483459416,0,5,33,2,69.16072045877864
782,3910 Birch St,1,87.2343500453767,1,10,9,1,76.18995935057245
783,1951 Main St,1,69.96436269520736,0,9,79,1,70.06772471693905
784,4542 Willow St,0,34.44779655554243,0,5,30,0,66.1199043129315
785,4619 Maple Ave,0,19.787622439015053,0,8,47,5,72.5048188368819
786,2646 Maple Dr,1,10.874064431316189,0,14,30,1,70.93023199550584
787,7233 Willow Ct,0,84.69616024973851,0,8,10,4,70.55783193720504
788,9951 Birch Pl,0,7.386367122866854,0,15,29,4,58.344158160731624
789,1865 Ash St,1,64.90123871778223,1,7,0,2,69.01653561266717
790,6030 Main Ln,0,16.782749150355347,0,12,74,2,84.04860666854879
791,9542 Ash Ln,1,18.337137337737243,0,18,23,5,58.83323176012175
792,5475 Pine Ave,1,82.5270678487701,0,17,34,2,81.26684799660143
793,5598 Chestnut St,0,75.7872812874229,0,19,28,1,56.157766400396696
794,3842 Willow Pl,0,72.06167187956959,0,16,62,3,78.6748763324557
795,3487 Chestnut Rd,0,40.68155433249822,0,9,18,3,54.8717862721847
796,2365 Ash Ave,1,50.09868950436195,0,20,52,2,67.45928389106527
797,9937 Cedar Pl,0,69.883380687751,0,8,11,6,51.762882893394206
798,584 Willow St,0,74.84906455521572,0,17,1,0,55.07914844717851
799,4576 Birch Ct,0,18.653847776570842,0,19,102,3,71.51653964873131
800,9222 Chestnut Ave,1,72.26645827853314,1,4,22,1,74.69700071791013
